Date,Close,AClose,Volume
1985-01-28,1277.719971,1277.719971,55430000
1985-02-04,1289.969971,1289.969971,59480000
1985-02-11,1282.02002,1282.02002,61270000
1985-02-18,1275.839966,1275.839966,34550000
1985-02-25,1299.359985,1299.359985,55750000
1985-03-04,1269.660034,1269.660034,52050000
1985-03-11,1247.349976,1247.349976,44120000
1985-03-18,1267.449951,1267.449951,45230000
1985-03-25,1266.780029,1266.780029,44920000
1985-04-01,1259.050049,1259.050049,31620000
1985-04-08,1265.680054,1265.680054,43200000
1985-04-15,1266.560059,1266.560059,45770000
1985-04-22,1275.180054,1275.180054,44930000
1985-04-29,1247.23999,1247.23999,50100000
1985-05-06,1274.180054,1274.180054,58700000
1985-05-13,1285.339966,1285.339966,57910000
1985-05-20,1301.969971,1301.969971,52110000
1985-05-27,1315.410034,1315.410034,45020000
1985-06-03,1316.420044,1316.420044,52960000
1985-06-10,1300.959961,1300.959961,46220000
1985-06-17,1324.47998,1324.47998,53040000
1985-06-24,1335.459961,1335.459961,53120000
1985-07-01,1334.449951,1334.449951,32080000
1985-07-08,1338.599976,1338.599976,47740000
1985-07-15,1359.540039,1359.540039,62860000
1985-07-22,1357.079956,1357.079956,62410000
1985-07-29,1353.050049,1353.050049,46100000
1985-08-05,1320.790039,1320.790039,39520000
1985-08-12,1312.719971,1312.719971,39450000
1985-08-19,1318.319946,1318.319946,36720000
1985-08-26,1334.01001,1334.01001,44260000
1985-09-02,1335.689941,1335.689941,33830000
1985-09-09,1307.680054,1307.680054,46960000
1985-09-16,1297.939941,1297.939941,50370000
1985-09-23,1320.790039,1320.790039,53780000
1985-09-30,1328.73999,1328.73999,59730000
1985-10-07,1339.939941,1339.939941,39640000
1985-10-14,1368.839966,1368.839966,62220000
1985-10-21,1356.52002,1356.52002,51990000
1985-10-28,1390.25,1390.25,65430000
1985-11-04,1404.359985,1404.359985,66090000
1985-11-11,1435.089966,1435.089966,76650000
1985-11-18,1464.329956,1464.329956,80350000
1985-11-25,1472.130005,1472.130005,66560000
1985-12-02,1477.180054,1477.180054,72650000
1985-12-09,1535.209961,1535.209961,118660000
1985-12-16,1543,1543,103040000
1985-12-23,1543,1543,42390000
1985-12-30,1549.199951,1549.199951,46200000
1986-01-06,1513.530029,1513.530029,80330000
1986-01-13,1536.699951,1536.699951,70140000
1986-01-20,1529.930054,1529.930054,62620000
1986-01-27,1570.98999,1570.98999,76810000
1986-02-03,1613.420044,1613.420044,91510000
1986-02-10,1664.449951,1664.449951,84550000
1986-02-17,1697.709961,1697.709961,67300000
1986-02-24,1709.060059,1709.060059,93500000
1986-03-03,1699.829956,1699.829956,80390000
1986-03-10,1792.73999,1792.73999,95270000
1986-03-17,1768.560059,1768.560059,89600000
1986-03-24,1821.719971,1821.719971,75970000
1986-03-31,1739.219971,1739.219971,83840000
1986-04-07,1790.180054,1790.180054,138800000
1986-04-14,1840.400024,1840.400024,102310000
1986-04-21,1835.569946,1835.569946,83650000
1986-04-28,1774.680054,1774.680054,80740000
1986-05-05,1789.430054,1789.430054,73140000
1986-05-12,1759.800049,1759.800049,70520000
1986-05-19,1823.290039,1823.290039,60850000
1986-05-26,1876.709961,1876.709961,61710000
1986-06-02,1885.900024,1885.900024,59380000
1986-06-09,1874.189941,1874.189941,60130000
1986-06-16,1879.540039,1879.540039,67760000
1986-06-23,1885.26001,1885.26001,65140000
1986-06-30,1900.869995,1900.869995,50480000
1986-07-07,1821.430054,1821.430054,81230000
1986-07-14,1777.97998,1777.97998,90870000
1986-07-21,1810.040039,1810.040039,64120000
1986-07-28,1763.640015,1763.640015,78530000
1986-08-04,1782.619995,1782.619995,77300000
1986-08-11,1855.599976,1855.599976,76720000
1986-08-18,1887.800049,1887.800049,67210000
1986-08-25,1898.339966,1898.339966,65270000
1986-09-01,1899.75,1899.75,77050000
1986-09-08,1758.719971,1758.719971,109730000
1986-09-15,1762.650024,1762.650024,89330000
1986-09-22,1769.689941,1769.689941,93830000
1986-09-29,1774.180054,1774.180054,83030000
1986-10-06,1793.170044,1793.170044,87080000
1986-10-13,1837.040039,1837.040039,82190000
1986-10-20,1832.359985,1832.359985,77430000
1986-10-27,1877.709961,1877.709961,101380000
1986-11-03,1886.530029,1886.530029,100950000
1986-11-10,1873.589966,1873.589966,81890000
1986-11-17,1893.560059,1893.560059,114450000
1986-11-24,1914.22998,1914.22998,68330000
1986-12-01,1925.060059,1925.060059,96330000
1986-12-08,1912.26001,1912.26001,81910000
1986-12-15,1928.849976,1928.849976,122810000
1986-12-22,1930.400024,1930.400024,74460000
1986-12-29,1927.310059,1927.310059,39670000
1987-01-05,2005.910034,2005.910034,126670000
1987-01-12,2076.629883,2076.629883,141550000
1987-01-19,2101.52002,2101.52002,139950000
1987-01-26,2158.040039,2158.040039,117630000
1987-02-02,2186.870117,2186.870117,128710000
1987-02-09,2183.350098,2183.350098,99230000
1987-02-16,2235.23999,2235.23999,106480000
1987-02-23,2223.98999,2223.98999,94540000
1987-03-02,2280.22998,2280.22998,93270000
1987-03-09,2258.659912,2258.659912,86340000
1987-03-16,2333.52002,2333.52002,105660000
1987-03-23,2335.800049,2335.800049,108400000
1987-03-30,2390.340088,2390.340088,118330000
1987-04-06,2338.780029,2338.780029,118950000
1987-04-13,2275.98999,2275.98999,133390000
1987-04-20,2235.370117,2235.370117,123590000
1987-04-27,2280.399902,2280.399902,135060000
1987-05-04,2322.300049,2322.300049,145190000
1987-05-11,2272.52002,2272.52002,124330000
1987-05-18,2243.199951,2243.199951,112550000
1987-05-25,2291.570068,2291.570068,73710000
1987-06-01,2326.149902,2326.149902,78410000
1987-06-08,2377.72998,2377.72998,90850000
1987-06-15,2420.850098,2420.850098,111420000
1987-06-22,2436.860107,2436.860107,104050000
1987-06-29,2436.699951,2436.699951,74610000
1987-07-06,2455.98999,2455.98999,110830000
1987-07-13,2510.040039,2510.040039,133060000
1987-07-20,2485.330078,2485.330078,93040000
1987-07-27,2572.070068,2572.070068,117440000
1987-08-03,2592,2592,117360000
1987-08-10,2685.429932,2685.429932,146390000
1987-08-17,2709.5,2709.5,122150000
1987-08-24,2639.350098,2639.350098,100490000
1987-08-31,2561.379883,2561.379883,109180000
1987-09-07,2608.73999,2608.73999,100550000
1987-09-14,2524.639893,2524.639893,95670000
1987-09-21,2570.169922,2570.169922,108810000
1987-09-28,2640.98999,2640.98999,110270000
1987-10-05,2482.209961,2482.209961,111910000
1987-10-12,2246.72998,2246.72998,169810000
1987-10-19,1950.76001,1950.76001,329860000
1987-10-26,1993.530029,1993.530029,177710000
1987-11-02,1959.050049,1959.050049,129600000
1987-11-09,1935.01001,1935.01001,109020000
1987-11-16,1913.630005,1913.630005,104680000
1987-11-23,1910.47998,1910.47998,62590000
1987-11-30,1766.73999,1766.73999,112140000
1987-12-07,1867.040039,1867.040039,107150000
1987-12-14,1975.300049,1975.300049,140930000
1987-12-21,1999.670044,1999.670044,73220000
1987-12-28,1938.829956,1938.829956,54290000
1988-01-04,1911.310059,1911.310059,115690000
1988-01-11,1956.069946,1956.069946,124930000
1988-01-18,1903.51001,1903.51001,87790000
1988-01-25,1958.219971,1958.219971,104590000
1988-02-01,1910.47998,1910.47998,154390000
1988-02-08,1983.26001,1983.26001,93030000
1988-02-15,2014.589966,2014.589966,83160000
1988-02-22,2023.209961,2023.209961,113680000
1988-02-29,2057.860107,2057.860107,98650000
1988-03-07,2034.97998,2034.97998,87050000
1988-03-14,2087.370117,2087.370117,96880000
1988-03-21,1978.949951,1978.949951,91270000
1988-03-28,1988.060059,1988.060059,77930000
1988-04-04,2090.189941,2090.189941,104900000
1988-04-11,2013.930054,2013.930054,120810000
1988-04-18,2015.089966,2015.089966,100090000
1988-04-25,2032.329956,2032.329956,87790000
1988-05-02,2007.459961,2007.459961,111690000
1988-05-09,1990.550049,1990.550049,75040000
1988-05-16,1952.589966,1952.589966,90730000
1988-05-23,1956.439941,1956.439941,106590000
1988-05-30,2071.310059,2071.310059,99190000
1988-06-06,2101.709961,2101.709961,108720000
1988-06-13,2104.02002,2104.02002,125490000
1988-06-20,2142.959961,2142.959961,101980000
1988-06-27,2131.580078,2131.580078,86220000
1988-07-04,2106.149902,2106.149902,67730000
1988-07-11,2129.449951,2129.449951,84110000
1988-07-18,2060.98999,2060.98999,73750000
1988-07-25,2128.72998,2128.72998,78980000
1988-08-01,2119.129883,2119.129883,86490000
1988-08-08,2037.52002,2037.52002,95210000
1988-08-15,2016,2016,83060000
1988-08-22,2017.430054,2017.430054,68210000
1988-08-29,2054.590088,2054.590088,68170000
1988-09-05,2068.810059,2068.810059,57410000
1988-09-12,2098.149902,2098.149902,95480000
1988-09-19,2090.679932,2090.679932,72980000
1988-09-26,2112.909912,2112.909912,71690000
1988-10-03,2150.25,2150.25,93490000
1988-10-10,2133.179932,2133.179932,78930000
1988-10-17,2183.5,2183.5,108370000
1988-10-24,2149.889893,2149.889893,87720000
1988-10-31,2145.800049,2145.800049,97210000
1988-11-07,2067.030029,2067.030029,80670000
1988-11-14,2062.409912,2062.409912,83120000
1988-11-21,2074.679932,2074.679932,47750000
1988-11-28,2092.280029,2092.280029,70870000
1988-12-05,2143.48999,2143.48999,80720000
1988-12-12,2150.709961,2150.709961,77230000
1988-12-19,2168.929932,2168.929932,75560000
1988-12-26,2168.570068,2168.570068,40950000
1989-01-02,2194.290039,2194.290039,69830000
1989-01-09,2226.070068,2226.070068,83790000
1989-01-16,2235.360107,2235.360107,91900000
1989-01-23,2322.860107,2322.860107,137240000
1989-01-30,2331.25,2331.25,125560000
1989-02-06,2286.070068,2286.070068,124240000
1989-02-13,2324.820068,2324.820068,97590000
1989-02-20,2245.540039,2245.540039,70850000
1989-02-27,2274.290039,2274.290039,85700000
1989-03-06,2282.139893,2282.139893,86260000
1989-03-13,2292.139893,2292.139893,118230000
1989-03-20,2243.040039,2243.040039,70720000
1989-03-27,2293.620117,2293.620117,78110000
1989-04-03,2304.800049,2304.800049,77430000
1989-04-10,2337.060059,2337.060059,81870000
1989-04-17,2409.459961,2409.459961,109320000
1989-04-24,2418.800049,2418.800049,100640000
1989-05-01,2381.959961,2381.959961,91980000
1989-05-08,2439.699951,2439.699951,93720000
1989-05-15,2501.100098,2501.100098,144030000
1989-05-22,2493.77002,2493.77002,104210000
1989-05-29,2517.830078,2517.830078,145710000
1989-06-05,2513.419922,2513.419922,107040000
1989-06-12,2486.379883,2486.379883,111160000
1989-06-19,2531.870117,2531.870117,93850000
1989-06-26,2440.060059,2440.060059,96640000
1989-07-03,2487.860107,2487.860107,52170000
1989-07-10,2554.820068,2554.820068,82860000
1989-07-17,2607.360107,2607.360107,102080000
1989-07-24,2635.23999,2635.23999,107460000
1989-07-31,2653.449951,2653.449951,112080000
1989-08-07,2683.98999,2683.98999,120120000
1989-08-14,2687.969971,2687.969971,87750000
1989-08-21,2732.360107,2732.360107,98790000
1989-08-28,2752.090088,2752.090088,95580000
1989-09-04,2709.540039,2709.540039,82880000
1989-09-11,2674.580078,2674.580078,107180000
1989-09-18,2681.610107,2681.610107,66390000
1989-09-25,2692.820068,2692.820068,92290000
1989-10-02,2785.52002,2785.52002,120620000
1989-10-09,2569.26001,2569.26001,100090000
1989-10-16,2689.139893,2689.139893,172180000
1989-10-23,2596.719971,2596.719971,116120000
1989-10-30,2629.51001,2629.51001,92580000
1989-11-06,2625.610107,2625.610107,86110000
1989-11-13,2652.659912,2652.659912,88560000
1989-11-20,2675.550049,2675.550049,54580000
1989-11-27,2747.649902,2747.649902,108600000
1989-12-04,2731.439941,2731.439941,84210000
1989-12-11,2739.550049,2739.550049,111910000
1989-12-18,2711.389893,2711.389893,95750000
1989-12-25,2753.199951,2753.199951,46790000
1990-01-01,2773.25,2773.25,88960000
1990-01-08,2689.209961,2689.209961,92330000
1990-01-15,2677.899902,2677.899902,111050000
1990-01-22,2559.22998,2559.22998,118540000
1990-01-29,2602.699951,2602.699951,102460000
1990-02-05,2648.199951,2648.199951,86820000
1990-02-12,2635.590088,2635.590088,87380000
1990-02-19,2564.189941,2564.189941,78940000
1990-02-26,2660.360107,2660.360107,105810000
1990-03-05,2683.330078,2683.330078,108220000
1990-03-12,2741.219971,2741.219971,106900000
1990-03-19,2704.280029,2704.280029,95360000
1990-03-26,2707.209961,2707.209961,74350000
1990-04-02,2717.120117,2717.120117,81170000
1990-04-09,2751.800049,2751.800049,52380000
1990-04-16,2695.949951,2695.949951,95920000
1990-04-23,2645.050049,2645.050049,78510000
1990-04-30,2710.360107,2710.360107,80070000
1990-05-07,2801.580078,2801.580078,98180000
1990-05-14,2819.909912,2819.909912,112980000
1990-05-21,2820.919922,2820.919922,101500000
1990-05-28,2900.969971,2900.969971,82760000
1990-06-04,2862.379883,2862.379883,105660000
1990-06-11,2935.889893,2935.889893,113070000
1990-06-18,2857.179932,2857.179932,96940000
1990-06-25,2880.689941,2880.689941,93050000
1990-07-02,2904.949951,2904.949951,57750000
1990-07-09,2980.199951,2980.199951,103160000
1990-07-16,2961.139893,2961.139893,108300000
1990-07-23,2898.51001,2898.51001,112310000
1990-07-30,2809.649902,2809.649902,155360000
1990-08-06,2716.580078,2716.580078,144900000
1990-08-13,2644.800049,2644.800049,111800000
1990-08-20,2532.919922,2532.919922,135650000
1990-08-27,2614.360107,2614.360107,84530000
1990-09-03,2619.550049,2619.550049,63100000
1990-09-10,2564.110107,2564.110107,74790000
1990-09-17,2512.379883,2512.379883,111430000
1990-09-24,2452.47998,2452.47998,113580000
1990-10-01,2510.639893,2510.639893,109120000
1990-10-08,2398.02002,2398.02002,101480000
1990-10-15,2520.790039,2520.790039,125200000
1990-10-22,2436.139893,2436.139893,91440000
1990-10-29,2490.840088,2490.840088,94570000
1990-11-05,2488.610107,2488.610107,86300000
1990-11-12,2550.25,2550.25,99820000
1990-11-19,2527.22998,2527.22998,63280000
1990-11-26,2559.649902,2559.649902,95070000
1990-12-03,2590.100098,2590.100098,124380000
1990-12-10,2593.810059,2593.810059,83820000
1990-12-17,2633.659912,2633.659912,107610000
1990-12-24,2629.209961,2629.209961,34270000
1990-12-31,2566.090088,2566.090088,60930000
1991-01-07,2501.48999,2501.48999,89580000
1991-01-14,2646.780029,2646.780029,130840000
1991-01-21,2659.409912,2659.409912,98280000
1991-01-28,2730.689941,2730.689941,124390000
1991-02-04,2830.689941,2830.689941,149790000
1991-02-11,2934.649902,2934.649902,165810000
1991-02-18,2889.360107,2889.360107,92840000
1991-02-25,2909.899902,2909.899902,126020000
1991-03-04,2955.199951,2955.199951,127560000
1991-03-11,2948.27002,2948.27002,117230000
1991-03-18,2858.909912,2858.909912,109200000
1991-03-25,2913.860107,2913.860107,85610000
1991-04-01,2896.780029,2896.780029,100270000
1991-04-08,2920.790039,2920.790039,94970000
1991-04-15,2965.590088,2965.590088,129460000
1991-04-22,2912.379883,2912.379883,94700000
1991-04-29,2938.860107,2938.860107,99560000
1991-05-06,2920.169922,2920.169922,95110000
1991-05-13,2886.629883,2886.629883,93410000
1991-05-20,2913.909912,2913.909912,79280000
1991-05-27,3027.5,3027.5,102400000
1991-06-03,2976.73999,2976.73999,93700000
1991-06-10,3000.449951,3000.449951,85920000
1991-06-17,2965.560059,2965.560059,109410000
1991-06-24,2906.75,2906.75,95130000
1991-07-01,2932.469971,2932.469971,61380000
1991-07-08,2980.77002,2980.77002,81550000
1991-07-15,3016.320068,3016.320068,93640000
1991-07-22,2972.5,2972.5,81850000
1991-07-29,3006.26001,3006.26001,85490000
1991-08-05,2996.199951,2996.199951,91200000
1991-08-12,2968.02002,2968.02002,104620000
1991-08-19,3040.25,3040.25,127820000
1991-08-26,3043.600098,3043.600098,65500000
1991-09-02,3011.629883,3011.629883,82300000
1991-09-09,2985.689941,2985.689941,87840000
1991-09-16,3019.22998,3019.22998,108370000
1991-09-23,3006.040039,3006.040039,78610000
1991-09-30,2961.76001,2961.76001,90590000
1991-10-07,2983.679932,2983.679932,102930000
1991-10-14,3077.149902,3077.149902,108940000
1991-10-21,3004.919922,3004.919922,96180000
1991-10-28,3056.350098,3056.350098,92290000
1991-11-04,3045.620117,3045.620117,79190000
1991-11-11,2943.199951,2943.199951,98990000
1991-11-18,2902.72998,2902.72998,120420000
1991-11-25,2894.679932,2894.679932,66150000
1991-12-02,2886.399902,2886.399902,100300000
1991-12-09,2914.360107,2914.360107,97010000
1991-12-16,2934.47998,2934.47998,115270000
1991-12-23,3101.52002,3101.52002,87910000
1991-12-30,3201.5,3201.5,101850000
1992-01-06,3199.5,3199.5,135090000
1992-01-13,3265,3265,150960000
1992-01-20,3232.800049,3232.800049,108680000
1992-01-27,3223.399902,3223.399902,119260000
1992-02-03,3225.399902,3225.399902,112340000
1992-02-10,3246,3246,104540000
1992-02-17,3280.199951,3280.199951,97580000
1992-02-24,3267.699951,3267.699951,96690000
1992-03-02,3221.600098,3221.600098,96220000
1992-03-09,3235.899902,3235.899902,89380000
1992-03-16,3276.399902,3276.399902,96770000
1992-03-23,3231.399902,3231.399902,92290000
1992-03-30,3249.100098,3249.100098,86760000
1992-04-06,3255.399902,3255.399902,115450000
1992-04-13,3366.5,3366.5,92570000
1992-04-20,3324.5,3324.5,106560000
1992-04-27,3336.100098,3336.100098,104090000
1992-05-04,3369.399902,3369.399902,86830000
1992-05-11,3353.100098,3353.100098,87560000
1992-05-18,3386.800049,3386.800049,107020000
1992-05-25,3396.899902,3396.899902,87450000
1992-06-01,3398.699951,3398.699951,114450000
1992-06-08,3354.399902,3354.399902,99340000
1992-06-15,3285.399902,3285.399902,116900000
1992-06-22,3282.399902,3282.399902,108910000
1992-06-29,3330.300049,3330.300049,84440000
1992-07-06,3330.600098,3330.600098,111100000
1992-07-13,3331.600098,3331.600098,98220000
1992-07-20,3285.699951,3285.699951,91040000
1992-07-27,3393.800049,3393.800049,100730000
1992-08-03,3332.199951,3332.199951,95800000
1992-08-10,3328.899902,3328.899902,84360000
1992-08-17,3254.100098,3254.100098,77510000
1992-08-24,3267.600098,3267.600098,92910000
1992-08-31,3281.899902,3281.899902,83620000
1992-09-07,3305.699951,3305.699951,74100000
1992-09-14,3327.100098,3327.100098,122930000
1992-09-21,3250.300049,3250.300049,109130000
1992-09-28,3200.600098,3200.600098,101280000
1992-10-05,3136.600098,3136.600098,118910000
1992-10-12,3174.399902,3174.399902,126470000
1992-10-19,3207.600098,3207.600098,126940000
1992-10-26,3226.300049,3226.300049,116750000
1992-11-02,3240.100098,3240.100098,120400000
1992-11-09,3233,3233,106170000
1992-11-16,3227.399902,3227.399902,115470000
1992-11-23,3282.199951,3282.199951,87240000
1992-11-30,3288.699951,3288.699951,120780000
1992-12-07,3304.100098,3304.100098,105170000
1992-12-14,3313.300049,3313.300049,154010000
1992-12-21,3326.199951,3326.199951,84560000
1992-12-28,3301.110107,3301.110107,69190000
1993-01-04,3251.699951,3251.699951,152760000
1993-01-11,3271.100098,3271.100098,158530000
1993-01-18,3256.800049,3256.800049,143190000
1993-01-25,3310,3310,165530000
1993-02-01,3442.100098,3442.100098,165460000
1993-02-08,3392.429932,3392.429932,131880000
1993-02-15,3322.179932,3322.179932,134450000
1993-02-22,3370.810059,3370.810059,145720000
1993-03-01,3404.580078,3404.580078,121510000
1993-03-08,3427.820068,3427.820068,139180000
1993-03-15,3471.580078,3471.580078,113450000
1993-03-22,3439.97998,3439.97998,140990000
1993-03-29,3370.810059,3370.810059,145370000
1993-04-05,3396.47998,3396.47998,139240000
1993-04-12,3478.610107,3478.610107,138960000
1993-04-19,3413.77002,3413.77002,146810000
1993-04-26,3427.550049,3427.550049,146580000
1993-05-03,3437.189941,3437.189941,120470000
1993-05-10,3443.01001,3443.01001,119780000
1993-05-17,3492.830078,3492.830078,128140000
1993-05-24,3527.429932,3527.429932,104270000
1993-05-31,3545.139893,3545.139893,75290000
1993-06-07,3505.01001,3505.01001,98160000
1993-06-14,3494.77002,3494.77002,114760000
1993-06-21,3490.889893,3490.889893,108430000
1993-06-28,3483.969971,3483.969971,106340000
1993-07-05,3521.060059,3521.060059,97270000
1993-07-12,3528.290039,3528.290039,113100000
1993-07-19,3546.73999,3546.73999,113790000
1993-07-26,3539.469971,3539.469971,134980000
1993-08-02,3560.429932,3560.429932,107480000
1993-08-09,3569.649902,3569.649902,107610000
1993-08-16,3615.47998,3615.47998,152290000
1993-08-23,3640.629883,3640.629883,121780000
1993-08-30,3633.929932,3633.929932,100900000
1993-09-06,3621.629883,3621.629883,82660000
1993-09-13,3613.25,3613.25,135510000
1993-09-20,3543.110107,3543.110107,123080000
1993-09-27,3581.110107,3581.110107,107240000
1993-10-04,3584.73999,3584.73999,100970000
1993-10-11,3629.72998,3629.72998,139980000
1993-10-18,3649.300049,3649.300049,124750000
1993-10-25,3680.590088,3680.590088,139280000
1993-11-01,3643.429932,3643.429932,141750000
1993-11-08,3684.5,3684.5,139930000
1993-11-15,3694.01001,3694.01001,156630000
1993-11-22,3683.949951,3683.949951,89580000
1993-11-29,3704.070068,3704.070068,115970000
1993-12-06,3740.669922,3740.669922,122160000
1993-12-13,3751.570068,3751.570068,153430000
1993-12-20,3757.719971,3757.719971,90470000
1993-12-27,3754.090088,3754.090088,84010000
1994-01-03,3820.77002,3820.77002,164940000
1994-01-10,3867.199951,3867.199951,144430000
1994-01-17,3914.47998,3914.47998,134570000
1994-01-24,3945.429932,3945.429932,149140000
1994-01-31,3871.419922,3871.419922,136160000
1994-02-07,3894.780029,3894.780029,147720000
1994-02-14,3887.459961,3887.459961,131470000
1994-02-21,3838.780029,3838.780029,95460000
1994-02-28,3832.300049,3832.300049,145860000
1994-03-07,3862.699951,3862.699951,121680000
1994-03-14,3895.649902,3895.649902,160710000
1994-03-21,3774.72998,3774.72998,117480000
1994-03-28,3635.959961,3635.959961,145960000
1994-04-04,3674.26001,3674.26001,172630000
1994-04-11,3661.469971,3661.469971,126320000
1994-04-18,3648.679932,3648.679932,166580000
1994-04-25,3681.689941,3681.689941,101150000
1994-05-02,3669.5,3669.5,119910000
1994-05-09,3659.679932,3659.679932,128510000
1994-05-16,3766.350098,3766.350098,142790000
1994-05-23,3757.139893,3757.139893,122630000
1994-05-30,3772.219971,3772.219971,93140000
1994-06-06,3773.449951,3773.449951,108410000
1994-06-13,3776.780029,3776.780029,149780000
1994-06-20,3636.939941,3636.939941,125480000
1994-06-27,3646.649902,3646.649902,118690000
1994-07-04,3709.139893,3709.139893,82410000
1994-07-11,3753.810059,3753.810059,120940000
1994-07-18,3735.040039,3735.040039,114360000
1994-07-25,3764.5,3764.5,111590000
1994-08-01,3747.02002,3747.02002,122840000
1994-08-08,3768.709961,3768.709961,118180000
1994-08-15,3755.110107,3755.110107,148250000
1994-08-22,3881.050049,3881.050049,143680000
1994-08-29,3885.580078,3885.580078,141560000
1994-09-05,3874.810059,3874.810059,101570000
1994-09-12,3933.350098,3933.350098,158390000
1994-09-19,3831.75,3831.75,152810000
1994-09-26,3843.189941,3843.189941,129340000
1994-10-03,3797.429932,3797.429932,146420000
1994-10-10,3910.469971,3910.469971,126310000
1994-10-17,3891.300049,3891.300049,161040000
1994-10-24,3930.659912,3930.659912,170560000
1994-10-31,3807.52002,3807.52002,155160000
1994-11-07,3801.469971,3801.469971,138890000
1994-11-14,3815.26001,3815.26001,157560000
1994-11-21,3708.27002,3708.27002,117080000
1994-11-28,3745.620117,3745.620117,125840000
1994-12-05,3691.110107,3691.110107,138180000
1994-12-12,3807.189941,3807.189941,166110000
1994-12-19,3833.429932,3833.429932,122870000
1994-12-26,3834.439941,3834.439941,67110000
1995-01-02,3867.409912,3867.409912,107710000
1995-01-09,3908.459961,3908.459961,131490000
1995-01-16,3869.429932,3869.429932,135330000
1995-01-23,3857.98999,3857.98999,167810000
1995-01-30,3928.639893,3928.639893,179850000
1995-02-06,3939.070068,3939.070068,133050000
1995-02-13,3953.540039,3953.540039,164550000
1995-02-20,4011.73999,4011.73999,123800000
1995-02-27,3989.610107,3989.610107,140600000
1995-03-06,4035.610107,4035.610107,146030000
1995-03-13,4073.649902,4073.649902,165660000
1995-03-20,4138.669922,4138.669922,145990000
1995-03-27,4157.689941,4157.689941,152520000
1995-04-03,4192.620117,4192.620117,137360000
1995-04-10,4208.180176,4208.180176,97440000
1995-04-17,4270.089844,4270.089844,166090000
1995-04-24,4321.27002,4321.27002,146680000
1995-05-01,4343.399902,4343.399902,160620000
1995-05-08,4430.560059,4430.560059,165300000
1995-05-15,4341.330078,4341.330078,168140000
1995-05-22,4369,4369,144670000
1995-05-29,4444.390137,4444.390137,115280000
1995-06-05,4423.990234,4423.990234,148130000
1995-06-12,4510.790039,4510.790039,156040000
1995-06-19,4585.839844,4585.839844,142890000
1995-06-26,4556.100098,4556.100098,130390000
1995-07-03,4702.72998,4702.72998,124260000
1995-07-10,4708.819824,4708.819824,153110000
1995-07-17,4641.549805,4641.549805,197380000
1995-07-24,4715.509766,4715.509766,161580000
1995-07-31,4683.459961,4683.459961,154770000
1995-08-07,4618.299805,4618.299805,113920000
1995-08-14,4617.600098,4617.600098,149600000
1995-08-21,4601.399902,4601.399902,142280000
1995-08-28,4647.540039,4647.540039,112730000
1995-09-04,4700.720215,4700.720215,106170000
1995-09-11,4797.569824,4797.569824,198930000
1995-09-18,4764.149902,4764.149902,196760000
1995-09-25,4789.080078,4789.080078,184310000
1995-10-02,4769.209961,4769.209961,152810000
1995-10-09,4793.779785,4793.779785,160900000
1995-10-16,4794.859863,4794.859863,157060000
1995-10-23,4741.75,4741.75,161310000
1995-10-30,4825.569824,4825.569824,134840000
1995-11-06,4870.370117,4870.370117,128400000
1995-11-13,4989.950195,4989.950195,168500000
1995-11-20,5048.839844,5048.839844,104550000
1995-11-27,5087.129883,5087.129883,144620000
1995-12-04,5156.859863,5156.859863,170560000
1995-12-11,5176.72998,5176.72998,157640000
1995-12-18,5097.970215,5097.970215,167470000
1995-12-25,5117.120117,5117.120117,77040000
1996-01-01,5181.430176,5181.430176,172210000
1996-01-08,5061.120117,5061.120117,161990000
1996-01-15,5184.680176,5184.680176,210010000
1996-01-22,5271.75,5271.75,189180000
1996-01-29,5373.990234,5373.990234,189240000
1996-02-05,5541.620117,5541.620117,203040000
1996-02-12,5503.319824,5503.319824,193260000
1996-02-19,5630.490234,5630.490234,155390000
1996-02-26,5536.560059,5536.560059,187200000
1996-03-04,5470.450195,5470.450195,178030000
1996-03-11,5584.970215,5584.970215,243570000
1996-03-18,5636.640137,5636.640137,207350000
1996-03-25,5587.140137,5587.140137,160760000
1996-04-01,5682.879883,5682.879883,125630000
1996-04-08,5532.589844,5532.589844,219540000
1996-04-15,5535.47998,5535.47998,187270000
1996-04-22,5567.990234,5567.990234,168620000
1996-04-29,5478.029785,5478.029785,167180000
1996-05-06,5518.140137,5518.140137,174860000
1996-05-13,5687.5,5687.5,199270000
1996-05-20,5762.859863,5762.859863,189390000
1996-05-27,5643.180176,5643.180176,126670000
1996-06-03,5697.109863,5697.109863,159580000
1996-06-10,5649.450195,5649.450195,144770000
1996-06-17,5705.22998,5705.22998,177940000
1996-06-24,5654.629883,5654.629883,165500000
1996-07-01,5588.140137,5588.140137,104690000
1996-07-08,5510.560059,5510.560059,175100000
1996-07-15,5426.819824,5426.819824,237550000
1996-07-22,5473.060059,5473.060059,180470000
1996-07-29,5679.830078,5679.830078,155220000
1996-08-05,5681.310059,5681.310059,130630000
1996-08-12,5689.450195,5689.450195,162890000
1996-08-19,5722.740234,5722.740234,136040000
1996-08-26,5616.209961,5616.209961,115080000
1996-09-02,5659.859863,5659.859863,108030000
1996-09-09,5838.52002,5838.52002,151570000
1996-09-16,5888.459961,5888.459961,187000000
1996-09-23,5872.919922,5872.919922,174880000
1996-09-30,5992.859863,5992.859863,165740000
1996-10-07,5969.379883,5969.379883,155000000
1996-10-14,6094.22998,6094.22998,174090000
1996-10-21,6007.02002,6007.02002,169450000
1996-10-28,6021.930176,6021.930176,166850000
1996-11-04,6219.819824,6219.819824,196120000
1996-11-11,6348.029785,6348.029785,208410000
1996-11-18,6471.759766,6471.759766,173680000
1996-11-25,6521.700195,6521.700195,126320000
1996-12-02,6381.939941,6381.939941,200070000
1996-12-09,6304.870117,6304.870117,203200000
1996-12-16,6484.399902,6484.399902,239220000
1996-12-23,6560.910156,6560.910156,80300000
1996-12-30,6544.089844,6544.089844,155290000
1997-01-06,6703.790039,6703.790039,230220000
1997-01-13,6833.100098,6833.100098,209710000
1997-01-20,6696.47998,6696.47998,247190000
1997-01-27,6813.089844,6813.089844,219900000
1997-02-03,6855.799805,6855.799805,210280000
1997-02-10,6988.959961,6988.959961,204700000
1997-02-17,6931.620117,6931.620117,146850000
1997-02-24,6877.740234,6877.740234,204070000
1997-03-03,7000.890137,7000.890137,250230000
1997-03-10,6935.459961,6935.459961,188980000
1997-03-17,6804.790039,6804.790039,264180000
1997-03-24,6740.589844,6740.589844,195550000
1997-03-31,6526.100098,6526.100098,271410000
1997-04-07,6391.700195,6391.700195,214980000
1997-04-14,6703.350098,6703.350098,263980000
1997-04-21,6738.899902,6738.899902,248970000
1997-04-28,7071.200195,7071.200195,249410000
1997-05-05,7169.5,7169.5,277380000
1997-05-12,7194.700195,7194.700195,266480000
1997-05-19,7345.899902,7345.899902,227680000
1997-05-26,7331,7331,188530000
1997-06-02,7435.799805,7435.799805,220950000
1997-06-09,7782,7782,284900000
1997-06-16,7796.5,7796.5,278390000
1997-06-23,7687.700195,7687.700195,253510000
1997-06-30,7895.799805,7895.799805,194690000
1997-07-07,7921.799805,7921.799805,272710000
1997-07-14,7890.5,7890.5,335790000
1997-07-21,8113.399902,8113.399902,307270000
1997-07-28,8194,8194,257580000
1997-08-04,8031.200195,8031.200195,258270000
1997-08-11,7694.700195,7694.700195,307380000
1997-08-18,7887.899902,7887.899902,275220000
1997-08-25,7622.399902,7622.399902,228550000
1997-09-01,7822.399902,7822.399902,213530000
1997-09-08,7743,7743,280840000
1997-09-15,7917.299805,7917.299805,333240000
1997-09-22,7922.200195,7922.200195,287030000
1997-09-29,8038.600098,8038.600098,277280000
1997-10-06,8045.200195,8045.200195,250460000
1997-10-13,7847,7847,281190000
1997-10-20,7715.399902,7715.399902,397690000
1997-10-27,7442.100098,7442.100098,496320000
1997-11-03,7581.299805,7581.299805,301000000
1997-11-10,7572.5,7572.5,290630000
1997-11-17,7881.069824,7881.069824,300380000
1997-11-24,7823.100098,7823.100098,176280000
1997-12-01,8149.100098,8149.100098,302140000
1997-12-08,7838.299805,7838.299805,279640000
1997-12-15,7756.299805,7756.299805,329230000
1997-12-22,7679.299805,7679.299805,129520000
1997-12-29,7965,7965,162560000
1998-01-05,7580.399902,7580.399902,338770000
1998-01-12,7753.5,7753.5,338520000
1998-01-19,7700.700195,7700.700195,273150000
1998-01-26,7906.5,7906.5,326790000
1998-02-02,8189.490234,8189.490234,289520000
1998-02-09,8370.099609,8370.099609,264800000
1998-02-16,8413.94043,8413.94043,223750000
1998-02-23,8545.719727,8545.719727,253410000
1998-03-02,8569.389648,8569.389648,277470000
1998-03-09,8602.519531,8602.519531,256990000
1998-03-16,8906.429688,8906.429688,283750000
1998-03-23,8796.080078,8796.080078,267870000
1998-03-30,8983.410156,8983.410156,325490000
1998-04-06,8994.860352,8994.860352,279450000
1998-04-13,9167.5,9167.5,319350000
1998-04-20,9064.620117,9064.620117,317340000
1998-04-27,9147.070313,9147.070313,302230000
1998-05-04,9055.150391,9055.150391,242970000
1998-05-11,9096,9096,311000000
1998-05-18,9114.44043,9114.44043,263630000
1998-05-25,8899.950195,8899.950195,207540000
1998-06-01,9037.709961,9037.709961,260480000
1998-06-08,8834.94043,8834.94043,276980000
1998-06-15,8712.870117,8712.870117,343700000
1998-06-22,8944.540039,8944.540039,294880000
1998-06-29,9025.259766,9025.259766,228380000
1998-07-06,9105.740234,9105.740234,298380000
1998-07-13,9337.969727,9337.969727,314460000
1998-07-20,8937.360352,8937.360352,317920000
1998-07-27,8883.290039,8883.290039,366060000
1998-08-03,8598.019531,8598.019531,419280000
1998-08-10,8425,8425,376650000
1998-08-17,8533.650391,8533.650391,333690000
1998-08-24,8051.680176,8051.680176,394150000
1998-08-31,7640.25,7640.25,565970000
1998-09-07,7795.5,7795.5,378600000
1998-09-14,7895.660156,7895.660156,421980000
1998-09-21,8028.77002,8028.77002,405160000
1998-09-28,7784.689941,7784.689941,446980000
1998-10-05,7899.52002,7899.52002,535580000
1998-10-12,8416.759766,8416.759766,460110000
1998-10-19,8452.290039,8452.290039,389940000
1998-10-26,8592.099609,8592.099609,327040000
1998-11-02,8975.459961,8975.459961,388950000
1998-11-09,8919.589844,8919.589844,320030000
1998-11-16,9159.549805,9159.549805,355400000
1998-11-23,9333.080078,9333.080078,252430000
1998-11-30,9016.139648,9016.139648,400370000
1998-12-07,8821.759766,8821.759766,379710000
1998-12-14,8903.629883,8903.629883,386070000
1998-12-21,9217.990234,9217.990234,214880000
1998-12-28,9181.429688,9181.429688,198710000
1999-01-04,9643.320313,9643.320313,464150000
1999-01-11,9340.549805,9340.549805,473410000
1999-01-18,9120.669922,9120.669922,373560000
1999-01-25,9358.830078,9358.830078,435370000
1999-02-01,9304.240234,9304.240234,426770000
1999-02-08,9274.889648,9274.889648,398320000
1999-02-15,9339.950195,9339.950195,308500000
1999-02-22,9306.580078,9306.580078,411630000
1999-03-01,9736.080078,9736.080078,467250000
1999-03-08,9876.349609,9876.349609,460830000
1999-03-15,9903.549805,9903.549805,441820000
1999-03-22,9822.240234,9822.240234,368390000
1999-03-29,9832.509766,9832.509766,323060000
1999-04-05,10173.83984,10173.83984,412650000
1999-04-12,10493.88965,10493.88965,530740000
1999-04-19,10689.66992,10689.66992,568350000
1999-04-26,10789.04004,10789.04004,516450000
1999-05-03,11031.58984,11031.58984,521370000
1999-05-10,10913.32031,10913.32031,455210000
1999-05-17,10829.28027,10829.28027,415840000
1999-05-24,10559.74023,10559.74023,450200000
1999-05-31,10799.83984,10799.83984,322700000
1999-06-07,10490.50977,10490.50977,405370000
1999-06-14,10855.55957,10855.55957,407970000
1999-06-21,10552.55957,10552.55957,351540000
1999-06-28,11139.24023,11139.24023,445900000
1999-07-05,11193.7002,11193.7002,345660000
1999-07-12,11209.83984,11209.83984,391870000
1999-07-19,10910.95996,10910.95996,402590000
1999-07-26,10655.15039,10655.15039,365580000
1999-08-02,10714.03027,10714.03027,443110000
1999-08-09,10973.65039,10973.65039,414550000
1999-08-16,11100.61035,11100.61035,426020000
1999-08-23,11090.16992,11090.16992,403230000
1999-08-30,11078.4502,11078.4502,408450000
1999-09-06,11028.42969,11028.42969,315370000
1999-09-13,10803.62988,10803.62988,400100000
1999-09-20,10279.33008,10279.33008,429100000
1999-09-27,10273,10273,479630000
1999-10-04,10649.75977,10649.75977,503270000
1999-10-11,10019.70996,10019.70996,366080000
1999-10-18,10470.25,10470.25,618680000
1999-10-25,10729.86035,10729.86035,605110000
1999-11-01,10704.48047,10704.48047,814770000
1999-11-08,10769.32031,10769.32031,818690000
1999-11-15,11003.88965,11003.88965,773530000
1999-11-22,10988.91016,10988.91016,538180000
1999-11-29,11286.17969,11286.17969,751890000
1999-12-06,11224.7002,11224.7002,800700000
1999-12-13,11257.42969,11257.42969,1049530000
1999-12-20,11405.75977,11405.75977,485590000
1999-12-27,11497.12012,11497.12012,384160000
2000-01-03,11522.55957,11522.55957,912810000
2000-01-10,11722.98047,11722.98047,981280000
2000-01-17,11251.70996,11251.70996,790380000
2000-01-24,10738.87012,10738.87012,978180000
2000-01-31,10963.79981,10963.79981,884380000
2000-02-07,10425.20996,10425.20996,833030000
2000-02-14,10219.51953,10219.51953,918600000
2000-02-21,9862.120117,9862.120117,812400000
2000-02-28,10367.2002,10367.2002,1038340000
2000-03-06,9928.820313,9928.820313,1058880000
2000-03-13,10595.23047,10595.23047,1078830000
2000-03-20,11112.71973,11112.71973,1027360000
2000-03-27,10921.91992,10921.91992,955810000
2000-04-03,11111.48047,11111.48047,1106860000
2000-04-10,10305.76953,10305.76953,1023800000
2000-04-17,10844.04981,10844.04981,818150000
2000-04-24,10733.91016,10733.91016,1100940000
2000-05-01,10577.86035,10577.86035,890320000
2000-05-08,10609.37012,10609.37012,859960000
2000-05-15,10626.84961,10626.84961,856790000
2000-05-22,10299.24023,10299.24023,881580000
2000-05-29,10794.75977,10794.75977,713220000
2000-06-05,10614.05957,10614.05957,787950000
2000-06-12,10449.29981,10449.29981,867580000
2000-06-19,10404.75,10404.75,884540000
2000-06-26,10447.88965,10447.88965,898630000
2000-07-03,10635.98047,10635.98047,535120000
2000-07-10,10812.75,10812.75,787030000
2000-07-17,10733.55957,10733.55957,896630000
2000-07-24,10511.16992,10511.16992,854280000
2000-07-31,10767.75,10767.75,802970000
2000-08-07,11027.79981,11027.79981,835650000
2000-08-14,11046.48047,11046.48047,800460000
2000-08-21,11192.62988,11192.62988,711650000
2000-08-28,11238.78027,11238.78027,770960000
2000-09-04,11220.65039,11220.65039,803100000
2000-09-11,10927,10927,1058440000
2000-09-18,10847.37012,10847.37012,1330350000
2000-09-25,10650.91992,10650.91992,1322900000
2000-10-02,10596.54004,10596.54004,1194330000
2000-10-09,10192.17969,10192.17969,1371900000
2000-10-16,10226.58984,10226.58984,1559230000
2000-10-23,10590.62012,10590.62012,1581520000
2000-10-30,10817.9502,10817.9502,1243280000
2000-11-06,10602.9502,10602.9502,1149510000
2000-11-13,10629.87012,10629.87012,1111910000
2000-11-20,10470.23047,10470.23047,687200000
2000-11-27,10373.54004,10373.54004,1337980000
2000-12-04,10712.91016,10712.91016,1390070000
2000-12-11,10434.95996,10434.95996,1406870000
2000-12-18,10635.55957,10635.55957,1360150000
2000-12-25,10787.99023,10787.99023,743760000
2001-01-01,10662.00977,10662.00977,1329470000
2001-01-08,10525.37988,10525.37988,1270380000
2001-01-15,10587.58984,10587.58984,1208550000
2001-01-22,10659.98047,10659.98047,1269120000
2001-01-29,10864.09961,10864.09961,1177060000
2001-02-05,10781.4502,10781.4502,1041610000
2001-02-12,10799.82031,10799.82031,985720000
2001-02-19,10441.90039,10441.90039,972810000
2001-02-26,10466.30957,10466.30957,1250210000
2001-03-05,10644.62012,10644.62012,1125150000
2001-03-12,9823.410156,9823.410156,1480880000
2001-03-19,9504.780273,9504.780273,1615010000
2001-03-26,9878.780273,9878.780273,1351280000
2001-04-02,9791.089844,9791.089844,1363810000
2001-04-09,10126.94043,10126.94043,1006150000
2001-04-16,10579.84961,10579.84961,1549270000
2001-04-23,10810.04981,10810.04981,1115450000
2001-04-30,10951.24023,10951.24023,1050100000
2001-05-07,10821.30957,10821.30957,960410000
2001-05-14,11301.74023,11301.74023,1074580000
2001-05-21,11005.37012,11005.37012,1021110000
2001-05-28,10990.41016,10990.41016,814580000
2001-06-04,10977,10977,1002750000
2001-06-11,10623.63965,10623.63965,1281920000
2001-06-18,10604.58984,10604.58984,1157570000
2001-06-25,10502.40039,10502.40039,1276000000
2001-07-02,10252.67969,10252.67969,731060000
2001-07-09,10539.05957,10539.05957,1227210000
2001-07-16,10576.65039,10576.65039,1232700000
2001-07-23,10416.66992,10416.66992,1034590000
2001-07-30,10512.78027,10512.78027,952280000
2001-08-06,10416.25,10416.25,841720000
2001-08-13,10240.78027,10240.78027,873230000
2001-08-20,10423.16992,10423.16992,908990000
2001-08-27,9949.75,9949.75,887500000
2001-09-03,9605.849609,9605.849609,1168170000
2001-09-10,9605.509766,9605.509766,280040000
2001-09-17,8235.80957,8235.80957,2459290000
2001-09-24,8847.55957,8847.55957,1647520000
2001-10-01,9119.769531,9119.769531,1399070000
2001-10-08,9344.160156,9344.160156,1247620000
2001-10-15,9204.110352,9204.110352,1214060000
2001-10-22,9545.169922,9545.169922,1166740000
2001-10-29,9323.540039,9323.540039,1174000000
2001-11-05,9608,9608,1135110000
2001-11-12,9866.990234,9866.990234,1300000000
2001-11-19,9959.709961,9959.709961,659330000
2001-11-26,9851.55957,9851.55957,1148660000
2001-12-03,10049.45996,10049.45996,1183740000
2001-12-10,9811.150391,9811.150391,1194950000
2001-12-17,10035.33984,10035.33984,1318320000
2001-12-24,10136.99023,10136.99023,458800000
2001-12-31,10259.74023,10259.74023,865390000
2002-01-07,9987.530273,9987.530273,1064550000
2002-01-14,9771.849609,9771.849609,1229060000
2002-01-21,9840.080078,9840.080078,914510000
2002-01-28,9907.259766,9907.259766,1257540000
2002-02-04,9744.240234,9744.240234,1260770000
2002-02-11,9903.040039,9903.040039,1046240000
2002-02-18,9968.150391,9968.150391,1066640000
2002-02-25,10368.86035,10368.86035,1310930000
2002-03-04,10572.49023,10572.49023,1363720000
2002-03-11,10607.23047,10607.23047,1175260000
2002-03-18,10427.66992,10427.66992,997500000
2002-03-25,10403.94043,10403.94043,792190000
2002-04-01,10271.63965,10271.63965,977950000
2002-04-08,10190.82031,10190.82031,1267650000
2002-04-15,10257.11035,10257.11035,1255870000
2002-04-22,9910.719727,9910.719727,1127210000
2002-04-29,10006.62988,10006.62988,1195280000
2002-05-06,9939.919922,9939.919922,1193590000
2002-05-13,10353.08008,10353.08008,1136540000
2002-05-20,10104.25977,10104.25977,921700000
2002-05-27,9925.25,9925.25,836880000
2002-06-03,9589.669922,9589.669922,1345940000
2002-06-10,9474.209961,9474.209961,1325650000
2002-06-17,9253.790039,9253.790039,1401730000
2002-06-24,9243.259766,9243.259766,1710400000
2002-07-01,9379.5,9379.5,988310000
2002-07-08,8684.530273,8684.530273,1635760000
2002-07-15,8019.259766,8019.259766,1776620000
2002-07-22,8264.389648,8264.389648,2324300000
2002-07-29,8313.129883,8313.129883,1594260000
2002-08-05,8745.450195,8745.450195,1417620000
2002-08-12,8778.05957,8778.05957,1303580000
2002-08-19,8872.959961,8872.959961,1226310000
2002-08-26,8663.5,8663.5,1039190000
2002-09-02,8427.200195,8427.200195,1079940000
2002-09-09,8312.69043,8312.69043,1106930000
2002-09-16,7986.02002,7986.02002,1447340000
2002-09-23,7701.450195,7701.450195,1594140000
2002-09-30,7528.399902,7528.399902,1692110000
2002-10-07,7850.290039,7850.290039,1802050000
2002-10-14,8322.400391,8322.400391,1734550000
2002-10-21,8443.990234,8443.990234,1483840000
2002-10-28,8517.639648,8517.639648,1441040000
2002-11-04,8537.129883,8537.129883,1488080000
2002-11-11,8579.089844,8579.089844,1347450000
2002-11-18,8804.839844,8804.839844,1474830000
2002-11-25,8896.089844,8896.089844,818720000
2002-12-02,8645.769531,8645.769531,1289460000
2002-12-09,8433.709961,8433.709961,1091450000
2002-12-16,8511.320313,8511.320313,1294060000
2002-12-23,8303.780273,8303.780273,540990000
2002-12-30,8601.69043,8601.69043,869150000
2003-01-06,8784.889648,8784.889648,1269830000
2003-01-13,8586.740234,8586.740234,1236340000
2003-01-20,8131.009766,8131.009766,1039710000
2003-01-27,8053.810059,8053.810059,1402810000
2003-02-03,7864.22998,7864.22998,1118970000
2003-02-10,7908.799805,7908.799805,1133880000
2003-02-17,8018.109863,8018.109863,905220000
2003-02-24,7891.080078,7891.080078,1260250000
2003-03-03,7740.029785,7740.029785,1215230000
2003-03-10,7859.709961,7859.709961,1378190000
2003-03-17,8521.969727,8521.969727,1563550000
2003-03-24,8145.77002,8145.77002,1158050000
2003-03-31,8277.150391,8277.150391,1359300000
2003-04-07,8203.410156,8203.410156,1197080000
2003-04-14,8337.650391,8337.650391,1005350000
2003-04-21,8306.349609,8306.349609,1163850000
2003-04-28,8582.679688,8582.679688,1119650000
2003-05-05,8604.599609,8604.599609,849400000
2003-05-12,8678.969727,8678.969727,1078920000
2003-05-19,8601.379883,8601.379883,1277470000
2003-05-26,8850.259766,8850.259766,1065120000
2003-06-02,9062.790039,9062.790039,1386370000
2003-06-09,9117.120117,9117.120117,1045120000
2003-06-16,9200.75,9200.75,1308810000
2003-06-23,8989.049805,8989.049805,1023620000
2003-06-30,9070.209961,9070.209961,840040000
2003-07-07,9119.589844,9119.589844,1140940000
2003-07-14,9188.150391,9188.150391,1275930000
2003-07-21,9284.570313,9284.570313,1024490000
2003-07-28,9153.969727,9153.969727,1066570000
2003-08-04,9191.089844,9191.089844,971710000
2003-08-11,9321.69043,9321.69043,751970000
2003-08-18,9348.870117,9348.870117,1117470000
2003-08-25,9415.820313,9415.820313,799960000
2003-09-01,9503.339844,9503.339844,891970000
2003-09-08,9471.549805,9471.549805,935890000
2003-09-15,9644.820313,9644.820313,1057220000
2003-09-22,9313.080078,9313.080078,1062470000
2003-09-29,9572.30957,9572.30957,1143540000
2003-10-06,9674.679688,9674.679688,946830000
2003-10-13,9721.790039,9721.790039,993990000
2003-10-20,9582.459961,9582.459961,1104100000
2003-10-27,9801.120117,9801.120117,1090420000
2003-11-03,9809.790039,9809.790039,948770000
2003-11-10,9768.679688,9768.679688,951860000
2003-11-17,9628.530273,9628.530273,1041690000
2003-11-24,9782.459961,9782.459961,606200000
2003-12-01,9862.679688,9862.679688,1177340000
2003-12-08,10042.16016,10042.16016,1030630000
2003-12-15,10278.21973,10278.21973,1157720000
2003-12-22,10324.66992,10324.66992,452520000
2003-12-29,10409.84961,10409.84961,596760000
2004-01-05,10458.88965,10458.88965,1099260000
2004-01-12,10600.50977,10600.50977,1095810000
2004-01-19,10568.29004,10568.29004,893200000
2004-01-26,10488.07031,10488.07031,1123350000
2004-02-02,10593.03027,10593.03027,1007060000
2004-02-09,10627.84961,10627.84961,1041710000
2004-02-16,10619.03027,10619.03027,774550000
2004-02-23,10583.91992,10583.91992,1071320000
2004-03-01,10595.54981,10595.54981,1016960000
2004-03-08,10240.08008,10240.08008,1219970000
2004-03-15,10186.59961,10186.59961,1075330000
2004-03-22,10212.96973,10212.96973,1103750000
2004-03-29,10470.58984,10470.58984,1055360000
2004-04-05,10442.03027,10442.03027,763620000
2004-04-12,10451.96973,10451.96973,1072730000
2004-04-19,10472.83984,10472.83984,1153490000
2004-04-26,10225.57031,10225.57031,1078430000
2004-05-03,10117.33984,10117.33984,1009850000
2004-05-10,10012.87012,10012.87012,1132670000
2004-05-17,9966.740234,9966.740234,955400000
2004-05-24,10188.4502,10188.4502,918880000
2004-05-31,10242.82031,10242.82031,674160000
2004-06-07,10410.09961,10410.09961,671890000
2004-06-14,10416.41016,10416.41016,1013830000
2004-06-21,10371.83984,10371.83984,1112120000
2004-06-28,10282.83008,10282.83008,1020610000
2004-07-05,10213.21973,10213.21973,703030000
2004-07-12,10139.78027,10139.78027,1114290000
2004-07-19,9962.219727,9962.219727,1160000000
2004-07-26,10139.70996,10139.70996,1093360000
2004-08-02,9815.330078,9815.330078,919760000
2004-08-09,9825.349609,9825.349609,929510000
2004-08-16,10110.13965,10110.13965,922190000
2004-08-23,10195.00977,10195.00977,706660000
2004-08-30,10260.2002,10260.2002,847250000
2004-09-06,10313.07031,10313.07031,867490000
2004-09-13,10284.45996,10284.45996,1062240000
2004-09-20,10047.24023,10047.24023,1113270000
2004-09-27,10192.65039,10192.65039,1294100000
2004-10-04,10055.2002,10055.2002,1213550000
2004-10-11,9933.379883,9933.379883,1236040000
2004-10-18,9757.80957,9757.80957,1295000000
2004-10-25,10027.46973,10027.46973,1280780000
2004-11-01,10387.54004,10387.54004,1660850000
2004-11-08,10539.00977,10539.00977,1364090000
2004-11-15,10456.91016,10456.91016,1316320000
2004-11-22,10522.23047,10522.23047,790770000
2004-11-29,10592.20996,10592.20996,1424860000
2004-12-06,10543.21973,10543.21973,1245420000
2004-12-13,10649.91992,10649.91992,1779120000
2004-12-20,10827.12012,10827.12012,1039710000
2004-12-27,10783.00977,10783.00977,790190000
2005-01-03,10603.95996,10603.95996,1344070000
2005-01-10,10558,10558,1358940000
2005-01-17,10392.99023,10392.99023,1028420000
2005-01-24,10427.2002,10427.2002,1395440000
2005-01-31,10716.12988,10716.12988,1336990000
2005-02-07,10796.00977,10796.00977,1290300000
2005-02-14,10785.21973,10785.21973,1307330000
2005-02-21,10841.59961,10841.59961,1113880000
2005-02-28,10940.54981,10940.54981,1245010000
2005-03-07,10774.36035,10774.36035,1170150000
2005-03-14,10629.66992,10629.66992,1513210000
2005-03-21,10442.87012,10442.87012,1128850000
2005-03-28,10404.29981,10404.29981,1369910000
2005-04-04,10461.33984,10461.33984,1287510000
2005-04-11,10087.50977,10087.50977,1455780000
2005-04-18,10157.70996,10157.70996,1472180000
2005-04-25,10192.50977,10192.50977,1317960000
2005-05-02,10345.40039,10345.40039,1259430000
2005-05-09,10140.12012,10140.12012,1162650000
2005-05-16,10471.91016,10471.91016,1199530000
2005-05-23,10542.54981,10542.54981,980610000
2005-05-30,10460.96973,10460.96973,883320000
2005-06-06,10512.62988,10512.62988,1006910000
2005-06-13,10623.07031,10623.07031,1209630000
2005-06-20,10297.83984,10297.83984,1207430000
2005-06-27,10303.44043,10303.44043,1191600000
2005-07-04,10449.13965,10449.13965,997400000
2005-07-11,10640.83008,10640.83008,1183010000
2005-07-18,10651.17969,10651.17969,1350100000
2005-07-25,10640.91016,10640.91016,1059310000
2005-08-01,10558.03027,10558.03027,1120970000
2005-08-08,10600.30957,10600.30957,1104900000
2005-08-15,10559.23047,10559.23047,1074630000
2005-08-22,10397.29004,10397.29004,1063080000
2005-08-29,10447.37012,10447.37012,1202300000
2005-09-05,10678.55957,10678.55957,930590000
2005-09-12,10641.94043,10641.94043,1421450000
2005-09-19,10419.58984,10419.58984,1237590000
2005-09-26,10568.7002,10568.7002,1156200000
2005-10-03,10292.30957,10292.30957,1361530000
2005-10-10,10287.33984,10287.33984,1300310000
2005-10-17,10215.21973,10215.21973,1550130000
2005-10-24,10402.76953,10402.76953,1297010000
2005-10-31,10530.75977,10530.75977,1446040000
2005-11-07,10686.04004,10686.04004,1176690000
2005-11-14,10766.33008,10766.33008,1390200000
2005-11-21,10931.62012,10931.62012,920670000
2005-11-28,10877.50977,10877.50977,1244140000
2005-12-05,10778.58008,10778.58008,1237680000
2005-12-12,10875.58984,10875.58984,1636220000
2005-12-19,10883.26953,10883.26953,1199680000
2005-12-26,10717.5,10717.5,678450000
2006-01-02,10959.30957,10959.30957,1117090000
2006-01-09,10959.87012,10959.87012,1285110000
2006-01-16,10667.38965,10667.38965,1503060000
2006-01-23,10907.20996,10907.20996,1953890000
2006-01-30,10793.62012,10793.62012,1687430000
2006-02-06,10919.04981,10919.04981,1562910000
2006-02-13,11115.32031,11115.32031,1482380000
2006-02-20,11061.84961,11061.84961,1125370000
2006-02-27,11021.58984,11021.58984,1504710000
2006-03-06,11076.33984,11076.33984,1377720000
2006-03-13,11279.65039,11279.65039,1564300000
2006-03-20,11279.96973,11279.96973,1455410000
2006-03-27,11109.32031,11109.32031,1372100000
2006-04-03,11120.04004,11120.04004,1272240000
2006-04-10,11137.65039,11137.65039,916920000
2006-04-17,11347.4502,11347.4502,1503180000
2006-04-24,11367.13965,11367.13965,1891680000
2006-05-01,11577.74023,11577.74023,1754780000
2006-05-08,11380.99023,11380.99023,1501450000
2006-05-15,11144.05957,11144.05957,1830980000
2006-05-22,11278.61035,11278.61035,1658460000
2006-05-29,11247.87012,11247.87012,1178710000
2006-06-05,10891.91992,10891.91992,1689430000
2006-06-12,11014.54981,11014.54981,1838130000
2006-06-19,10989.08984,10989.08984,1432790000
2006-06-26,11150.21973,11150.21973,1435520000
2006-07-03,11090.66992,11090.66992,861360000
2006-07-10,10739.34961,10739.34961,1413050000
2006-07-17,10868.37988,10868.37988,1653440000
2006-07-24,11219.7002,11219.7002,1394640000
2006-07-31,11240.34961,11240.34961,1077050000
2006-08-07,11088.03027,11088.03027,1040640000
2006-08-14,11381.46973,11381.46973,1159430000
2006-08-21,11284.04981,11284.04981,901230000
2006-08-28,11464.15039,11464.15039,884500000
2006-09-04,11392.11035,11392.11035,751270000
2006-09-11,11560.76953,11560.76953,1236720000
2006-09-18,11508.09961,11508.09961,1037800000
2006-09-25,11679.07031,11679.07031,1301090000
2006-10-02,11850.20996,11850.20996,1206970000
2006-10-09,11960.50977,11960.50977,1247300000
2006-10-16,12002.37012,12002.37012,1428510000
2006-10-23,12090.25977,12090.25977,1299390000
2006-10-30,11986.04004,11986.04004,1149250000
2006-11-06,12108.42969,12108.42969,1166080000
2006-11-13,12342.55957,12342.55957,1216650000
2006-11-20,12280.16992,12280.16992,700990000
2006-11-27,12194.12988,12194.12988,1248940000
2006-12-04,12307.49023,12307.49023,1216780000
2006-12-11,12445.51953,12445.51953,1347160000
2006-12-18,12343.21973,12343.21973,999800000
2006-12-25,12463.15039,12463.15039,542160000
2007-01-01,12398.00977,12398.00977,821480000
2007-01-08,12556.08008,12556.08008,1193510000
2007-01-15,12565.53027,12565.53027,1053610000
2007-01-22,12487.01953,12487.01953,1269880000
2007-01-29,12653.49023,12653.49023,1175700000
2007-02-05,12580.83008,12580.83008,1013320000
2007-02-12,12767.57031,12767.57031,1017640000
2007-02-19,12647.48047,12647.48047,841520000
2007-02-26,12114.09961,12114.09961,1723390000
2007-03-05,12276.32031,12276.32031,1273230000
2007-03-12,12110.41016,12110.41016,1486630000
2007-03-19,12481.00977,12481.00977,1090210000
2007-03-26,12354.34961,12354.34961,1095920000
2007-04-02,12560.2002,12560.2002,804950000
2007-04-09,12612.12988,12612.12988,1094290000
2007-04-16,12961.98047,12961.98047,1422090000
2007-04-23,13120.94043,13120.94043,1234390000
2007-04-30,13264.62012,13264.62012,1247950000
2007-05-07,13326.21973,13326.21973,1151310000
2007-05-14,13556.53027,13556.53027,1181390000
2007-05-21,13507.28027,13507.28027,1049380000
2007-05-28,13668.11035,13668.11035,886690000
2007-06-04,13424.38965,13424.38965,1178580000
2007-06-11,13639.48047,13639.48047,1323530000
2007-06-18,13360.25977,13360.25977,1304810000
2007-06-25,13408.62012,13408.62012,1207920000
2007-07-02,13611.67969,13611.67969,672870000
2007-07-09,13907.25,13907.25,1216010000
2007-07-16,13851.08008,13851.08008,1442520000
2007-07-23,13265.46973,13265.46973,1565300000
2007-07-30,13181.91016,13181.91016,1537930000
2007-08-06,13239.54004,13239.54004,1574240000
2007-08-13,13079.08008,13079.08008,1638230000
2007-08-20,13378.87012,13378.87012,1025550000
2007-08-27,13357.74023,13357.74023,1038510000
2007-09-03,13113.37988,13113.37988,936010000
2007-09-10,13442.51953,13442.51953,1031930000
2007-09-17,13820.19043,13820.19043,1344190000
2007-09-24,13895.62988,13895.62988,1016240000
2007-10-01,14066.00977,14066.00977,880750000
2007-10-08,14093.08008,14093.08008,870270000
2007-10-15,13522.01953,13522.01953,1303720000
2007-10-22,13806.7002,13806.7002,1280860000
2007-10-29,13595.09961,13595.09961,1290660000
2007-11-05,13042.74023,13042.74023,1545520000
2007-11-12,13176.79004,13176.79004,1415230000
2007-11-19,12980.87988,12980.87988,1018400000
2007-11-26,13371.71973,13371.71973,1385740000
2007-12-03,13625.58008,13625.58008,1050600000
2007-12-10,13339.84961,13339.84961,1275710000
2007-12-17,13450.65039,13450.65039,1319260000
2007-12-24,13365.87012,13365.87012,497510000
2007-12-31,12800.17969,12800.17969,911650000
2008-01-07,12606.29981,12606.29981,1589510000
2008-01-14,12099.29981,12099.29981,2008240000
2008-01-21,12207.16992,12207.16992,1824580000
2008-01-28,12743.19043,12743.19043,1672670000
2008-02-04,12182.12988,12182.12988,1456550000
2008-02-11,12348.20996,12348.20996,1284960000
2008-02-18,12381.01953,12381.01953,1156050000
2008-02-25,12266.38965,12266.38965,1443220000
2008-03-03,11893.69043,11893.69043,1502700000
2008-03-10,11951.08984,11951.08984,1689550000
2008-03-17,12361.32031,12361.32031,1581780000
2008-03-24,12216.40039,12216.40039,1181380000
2008-03-31,12609.41992,12609.41992,1167030000
2008-04-07,12325.41992,12325.41992,1104400000
2008-04-14,12849.36035,12849.36035,1215480000
2008-04-21,12891.86035,12891.86035,1142150000
2008-04-28,13058.2002,13058.2002,1146280000
2008-05-05,12745.87988,12745.87988,1007990000
2008-05-12,12986.79981,12986.79981,1108680000
2008-05-19,12479.62988,12479.62988,1131370000
2008-05-26,12638.32031,12638.32031,831860000
2008-06-02,12209.80957,12209.80957,1209120000
2008-06-09,12307.34961,12307.34961,1263170000
2008-06-16,11842.69043,11842.69043,1270350000
2008-06-23,11346.50977,11346.50977,1285100000
2008-06-30,11288.54004,11288.54004,989400000
2008-07-07,11100.54004,11100.54004,1269860000
2008-07-14,11496.57031,11496.57031,1558210000
2008-07-21,11370.69043,11370.69043,1183120000
2008-07-28,11326.32031,11326.32031,1022900000
2008-08-04,11734.32031,11734.32031,1027740000
2008-08-11,11659.90039,11659.90039,914160000
2008-08-18,11628.05957,11628.05957,741560000
2008-08-25,11543.95996,11543.95996,705050000
2008-09-01,11220.95996,11220.95996,778840000
2008-09-08,11421.99023,11421.99023,1231270000
2008-09-15,11388.44043,11388.44043,2534100000
2008-09-22,11143.12988,11143.12988,1052410000
2008-09-29,10325.37988,10325.37988,1657400000
2008-10-06,8451.19043,8451.19043,2344910000
2008-10-13,8852.219727,8852.219727,1969430000
2008-10-20,8378.950195,8378.950195,1497820000
2008-10-27,9325.009766,9325.009766,1547730000
2008-11-03,8943.80957,8943.80957,1291190000
2008-11-10,8497.30957,8497.30957,1574130000
2008-11-17,8046.419922,8046.419922,2092220000
2008-11-24,8829.040039,8829.040039,1305340000
2008-12-01,8635.419922,8635.419922,1550460000
2008-12-08,8629.679688,8629.679688,1438320000
2008-12-15,8579.110352,8579.110352,1630620000
2008-12-22,8515.549805,8515.549805,539420000
2008-12-29,9034.69043,9034.69043,756750000
2009-01-05,8599.179688,8599.179688,1146800000
2009-01-12,8281.219727,8281.219727,1808670000
2009-01-19,8077.560059,8077.560059,1619790000
2009-01-26,8000.859863,8000.859863,1473020000
2009-02-02,8280.589844,8280.589844,1739860000
2009-02-09,7850.410156,7850.410156,1593370000
2009-02-16,7365.669922,7365.669922,1487450000
2009-02-23,7062.930176,7062.930176,2313680000
2009-03-02,6626.939941,6626.939941,2413720000
2009-03-09,7223.97998,7223.97998,2498140000
2009-03-16,7278.379883,7278.379883,2795830000
2009-03-23,7776.180176,7776.180176,2070270000
2009-03-30,8017.589844,8017.589844,1895470000
2009-04-06,8083.379883,8083.379883,1241730000
2009-04-13,8131.330078,8131.330078,2247680000
2009-04-20,8076.290039,8076.290039,1994680000
2009-04-27,8212.410156,8212.410156,1436800000
2009-05-04,8574.650391,8574.650391,2025520000
2009-05-11,8268.639648,8268.639648,1637020000
2009-05-18,8277.320313,8277.320313,1581100000
2009-05-25,8500.330078,8500.330078,1253390000
2009-06-01,8763.129883,8763.129883,1357320000
2009-06-08,8799.259766,8799.259766,1011400000
2009-06-15,8539.730469,8539.730469,1457540000
2009-06-22,8438.389648,8438.389648,1248000000
2009-06-29,8280.740234,8280.740234,792220000
2009-07-06,8146.52002,8146.52002,1109950000
2009-07-13,8743.94043,8743.94043,1265680000
2009-07-20,9093.240234,9093.240234,1120720000
2009-07-27,9171.610352,9171.610352,1063590000
2009-08-03,9370.070313,9370.070313,1115340000
2009-08-10,9321.400391,9321.400391,848570000
2009-08-17,9505.959961,9505.959961,987810000
2009-08-24,9544.200195,9544.200195,888890000
2009-08-31,9441.269531,9441.269531,965630000
2009-09-07,9605.410156,9605.410156,824080000
2009-09-14,9820.200195,9820.200195,1312180000
2009-09-21,9665.19043,9665.19043,992020000
2009-09-28,9487.669922,9487.669922,1072910000
2009-10-05,9864.94043,9864.94043,918220000
2009-10-12,9995.910156,9995.910156,1215420000
2009-10-19,9972.179688,9972.179688,1189360000
2009-10-26,9712.730469,9712.730469,1341410000
2009-11-02,10023.41992,10023.41992,1090160000
2009-11-09,10270.46973,10270.46973,939430000
2009-11-16,10318.16016,10318.16016,953910000
2009-11-23,10309.91992,10309.91992,606470000
2009-11-30,10388.90039,10388.90039,1277930000
2009-12-07,10471.5,10471.5,982840000
2009-12-14,10328.88965,10328.88965,1229170000
2009-12-21,10520.08984,10520.08984,464680000
2009-12-28,10428.04981,10428.04981,443000000
2010-01-04,10618.19043,10618.19043,944460000
2010-01-11,10609.65039,10609.65039,1205160000
2010-01-18,10172.98047,10172.98047,1023330000
2010-01-25,10067.33008,10067.33008,1251750000
2010-02-01,10012.23047,10012.23047,1247070000
2010-02-08,10099.13965,10099.13965,1122060000
2010-02-15,10402.34961,10402.34961,855230000
2010-02-22,10325.25977,10325.25977,1055300000
2010-03-01,10566.2002,10566.2002,924230000
2010-03-08,10624.69043,10624.69043,894350000
2010-03-15,10741.98047,10741.98047,1169640000
2010-03-22,10850.36035,10850.36035,917730000
2010-03-29,10927.07031,10927.07031,642100000
2010-04-05,10997.34961,10997.34961,796030000
2010-04-12,11018.66016,11018.66016,1139500000
2010-04-19,11204.28027,11204.28027,1000980000
2010-04-26,11008.61035,11008.61035,1141520000
2010-05-03,10380.42969,10380.42969,1527630000
2010-05-10,10620.16016,10620.16016,1191910000
2010-05-17,10193.38965,10193.38965,1533190000
2010-05-24,10136.62988,10136.62988,1352960000
2010-05-31,9931.969727,9931.969727,856220000
2010-06-07,10211.07031,10211.07031,1114920000
2010-06-14,10450.63965,10450.63965,1065870000
2010-06-21,10143.80957,10143.80957,1214980000
2010-06-28,9686.480469,9686.480469,1152080000
2010-07-05,10198.03027,10198.03027,807600000
2010-07-12,10097.90039,10097.90039,1064120000
2010-07-19,10424.62012,10424.62012,977500000
2010-07-26,10465.94043,10465.94043,931710000
2010-08-02,10653.55957,10653.55957,800360000
2010-08-09,10303.15039,10303.15039,961800000
2010-08-16,10213.62012,10213.62012,984830000
2010-08-23,10150.65039,10150.65039,964660000
2010-08-30,10447.92969,10447.92969,930140000
2010-09-06,10462.76953,10462.76953,619710000
2010-09-13,10607.84961,10607.84961,1088080000
2010-09-20,10860.25977,10860.25977,848550000
2010-09-27,10829.67969,10829.67969,846280000
2010-10-04,11006.48047,11006.48047,834250000
2010-10-11,11062.78027,11062.78027,1010280000
2010-10-18,11132.55957,11132.55957,940700000
2010-10-25,11118.49023,11118.49023,840130000
2010-11-01,11444.08008,11444.08008,924450000
2010-11-08,11192.58008,11192.58008,984380000
2010-11-15,11203.54981,11203.54981,961650000
2010-11-22,11091.87012,11091.87012,552350000
2010-11-29,11382.08984,11382.08984,949350000
2010-12-06,11410.32031,11410.32031,770260000
2010-12-13,11491.91016,11491.91016,1012060000
2010-12-20,11573.49023,11573.49023,467660000
2010-12-27,11577.50977,11577.50977,438870000
2011-01-03,11674.75977,11674.75977,933840000
2011-01-10,11787.37988,11787.37988,815170000
2011-01-17,11871.83984,11871.83984,799920000
2011-01-24,11823.7002,11823.7002,926210000
2011-01-31,12092.15039,12092.15039,796400000
2011-02-07,12273.25977,12273.25977,881250000
2011-02-14,12391.25,12391.25,796100000
2011-02-21,12130.4502,12130.4502,753750000
2011-02-28,12169.87988,12169.87988,854610000
2011-03-07,12044.40039,12044.40039,787500000
2011-03-14,11858.51953,11858.51953,1176310000
2011-03-21,12220.58984,12220.58984,654390000
2011-03-28,12376.71973,12376.71973,726180000
2011-04-04,12380.04981,12380.04981,720760000
2011-04-11,12341.83008,12341.83008,741540000
2011-04-18,12505.99023,12505.99023,710620000
2011-04-25,12810.54004,12810.54004,1000570000
2011-05-02,12638.74023,12638.74023,881460000
2011-05-09,12595.75,12595.75,877070000
2011-05-16,12512.04004,12512.04004,893710000
2011-05-23,12441.58008,12441.58008,717490000
2011-05-30,12151.25977,12151.25977,705420000
2011-06-06,11951.91016,11951.91016,814090000
2011-06-13,12004.36035,12004.36035,1027000000
2011-06-20,11934.58008,11934.58008,886570000
2011-06-27,12582.76953,12582.76953,793540000
2011-07-04,12657.2002,12657.2002,540220000
2011-07-11,12479.73047,12479.73047,792090000
2011-07-18,12681.16016,12681.16016,782010000
2011-07-25,12143.24023,12143.24023,836290000
2011-08-01,11444.61035,11444.61035,1295170000
2011-08-08,11269.01953,11269.01953,1928910000
2011-08-15,10817.65039,10817.65039,1192090000
2011-08-22,11284.54004,11284.54004,1197690000
2011-08-29,11240.25977,11240.25977,942140000
2011-09-05,10992.12988,10992.12988,784950000
2011-09-12,11509.08984,11509.08984,1177720000
2011-09-19,10771.48047,10771.48047,1065810000
2011-09-26,10913.37988,10913.37988,1015270000
2011-10-03,11103.12012,11103.12012,1114860000
2011-10-10,11644.49023,11644.49023,743320000
2011-10-17,11808.79004,11808.79004,941450000
2011-10-24,12231.11035,12231.11035,922310000
2011-10-31,11983.24023,11983.24023,842540000
2011-11-07,12153.67969,12153.67969,747030000
2011-11-14,11796.16016,11796.16016,651410000
2011-11-21,11231.65039,11231.65039,559230000
2011-11-28,12019.41992,12019.41992,942500000
2011-12-05,12184.25977,12184.25977,788320000
2011-12-12,11866.38965,11866.38965,1008650000
2011-12-19,12294,12294,695630000
2011-12-26,12217.55957,12217.55957,285070000
2012-01-02,12359.91992,12359.91992,587250000
2012-01-09,12422.05957,12422.05957,683390000
2012-01-16,12720.48047,12720.48047,705980000
2012-01-23,12660.45996,12660.45996,705960000
2012-01-30,12862.23047,12862.23047,699200000
2012-02-06,12801.23047,12801.23047,643140000
2012-02-13,12949.87012,12949.87012,728950000
2012-02-20,12982.9502,12982.9502,498900000
2012-02-27,12977.57031,12977.57031,674050000
2012-03-05,12922.01953,12922.01953,632840000
2012-03-12,13232.62012,13232.62012,981010000
2012-03-19,13080.73047,13080.73047,655630000
2012-03-26,13212.04004,13212.04004,700340000
2012-04-02,13060.13965,13060.13965,467300000
2012-04-09,12849.58984,12849.58984,650850000
2012-04-16,13029.25977,13029.25977,701720000
2012-04-23,13228.30957,13228.30957,627160000
2012-04-30,13038.26953,13038.26953,567920000
2012-05-07,12820.59961,12820.59961,696180000
2012-05-14,12369.37988,12369.37988,830530000
2012-05-21,12454.83008,12454.83008,647760000
2012-05-28,12118.57031,12118.57031,598420000
2012-06-04,12554.2002,12554.2002,618480000
2012-06-11,12767.16992,12767.16992,771130000
2012-06-18,12640.78027,12640.78027,712310000
2012-06-25,12880.08984,12880.08984,658810000
2012-07-02,12772.46973,12772.46973,368050000
2012-07-09,12777.08984,12777.08984,607170000
2012-07-16,12822.57031,12822.57031,693440000
2012-07-23,13075.66016,13075.66016,691740000
2012-07-30,13096.16992,13096.16992,575650000
2012-08-06,13207.9502,13207.9502,435410000
2012-08-13,13275.2002,13275.2002,482240000
2012-08-20,13157.96973,13157.96973,512700000
2012-08-27,13090.83984,13090.83984,478990000
2012-09-03,13306.63965,13306.63965,467330000
2012-09-10,13593.37012,13593.37012,677180000
2012-09-17,13579.46973,13579.46973,912470000
2012-09-24,13437.12988,13437.12988,644290000
2012-10-01,13610.15039,13610.15039,522630000
2012-10-08,13328.84961,13328.84961,476420000
2012-10-15,13343.50977,13343.50977,731390000
2012-10-22,13107.20996,13107.20996,604000000
2012-10-29,13093.16016,13093.16016,416330000
2012-11-05,12815.38965,12815.38965,635330000
2012-11-12,12588.30957,12588.30957,693000000
2012-11-19,13009.53027,13009.53027,429480000
2012-11-26,13025.58008,13025.58008,647950000
2012-12-03,13155.12988,13155.12988,640400000
2012-12-10,13135.00977,13135.00977,589360000
2012-12-17,13190.83984,13190.83984,977990000
2012-12-24,12938.11035,12938.11035,313260000
2012-12-31,13435.20996,13435.20996,544390000
2013-01-07,13488.42969,13488.42969,618480000
2013-01-14,13649.7002,13649.7002,784080000
2013-01-21,13895.98047,13895.98047,503870000
2013-01-28,14009.79004,14009.79004,610020000
2013-02-04,13992.96973,13992.96973,610760000
2013-02-11,13981.75977,13981.75977,633260000
2013-02-18,14000.57031,14000.57031,546210000
2013-02-25,14089.66016,14089.66016,694850000
2013-03-04,14397.07031,14397.07031,572130000
2013-03-11,14514.11035,14514.11035,806060000
2013-03-18,14512.03027,14512.03027,574950000
2013-03-25,14578.54004,14578.54004,467260000
2013-04-01,14565.25,14565.25,553000000
2013-04-08,14865.05957,14865.05957,619920000
2013-04-15,14547.50977,14547.50977,821260000
2013-04-22,14712.54981,14712.54981,680740000
2013-04-29,14973.95996,14973.95996,569000000
2013-05-06,15118.49023,15118.49023,543690000
2013-05-13,15354.40039,15354.40039,663740000
2013-05-20,15303.09961,15303.09961,665710000
2013-05-27,15115.57031,15115.57031,574680000
2013-06-03,15248.12012,15248.12012,701450000
2013-06-10,15070.17969,15070.17969,513550000
2013-06-17,14799.40039,14799.40039,942550000
2013-06-24,14909.59961,14909.59961,771490000
2013-07-01,15135.83984,15135.83984,392740000
2013-07-08,15464.29981,15464.29981,606230000
2013-07-15,15543.74023,15543.74023,697170000
2013-07-22,15558.83008,15558.83008,577080000
2013-07-29,15658.36035,15658.36035,565790000
2013-08-05,15425.50977,15425.50977,425180000
2013-08-12,15081.46973,15081.46973,533840000
2013-08-19,15010.50977,15010.50977,597690000
2013-08-26,14810.30957,14810.30957,555070000
2013-09-02,14922.5,14922.5,474100000
2013-09-09,15376.05957,15376.05957,486600000
2013-09-16,15451.08984,15451.08984,851560000
2013-09-23,15258.24023,15258.24023,436950000
2013-09-30,15072.58008,15072.58008,457280000
2013-10-07,15237.11035,15237.11035,477770000
2013-10-14,15399.65039,15399.65039,530860000
2013-10-21,15570.28027,15570.28027,490460000
2013-10-28,15615.54981,15615.54981,474410000
2013-11-04,15761.78027,15761.78027,477350000
2013-11-11,15961.7002,15961.7002,480890000
2013-11-18,16064.76953,16064.76953,423780000
2013-11-25,16086.41016,16086.41016,336410000
2013-12-02,16020.2002,16020.2002,534020000
2013-12-09,15755.36035,15755.36035,467450000
2013-12-16,16221.13965,16221.13965,712750000
2013-12-23,16478.41016,16478.41016,209960000
2013-12-30,16469.99023,16469.99023,286710000
2014-01-06,16437.05078,16437.05078,443090000
2014-01-13,16458.56055,16458.56055,583760000
2014-01-20,15879.11035,15879.11035,441030000
2014-01-27,15698.84961,15698.84961,555430000
2014-02-03,15794.08008,15794.08008,593050000
2014-02-10,16154.38965,16154.38965,440880000
2014-02-17,16103.29981,16103.29981,376110000
2014-02-24,16321.70996,16321.70996,657780000
2014-03-03,16452.7207,16452.7207,419450000
2014-03-10,16065.66992,16065.66992,396080000
2014-03-17,16302.76953,16302.76953,703380000
2014-03-24,16323.05957,16323.05957,472520000
2014-03-31,16412.71094,16412.71094,452210000
2014-04-07,16026.75,16026.75,538700000
2014-04-14,16408.53906,16408.53906,418710000
2014-04-21,16361.45996,16361.45996,412130000
2014-04-28,16512.89063,16512.89063,424260000
2014-05-05,16583.33984,16583.33984,389130000
2014-05-12,16491.31055,16491.31055,440800000
2014-05-19,16606.26953,16606.26953,354650000
2014-05-26,16717.16992,16717.16992,304040000
2014-06-02,16924.2793,16924.2793,341950000
2014-06-09,16775.74023,16775.74023,361330000
2014-06-16,16947.08008,16947.08008,542720000
2014-06-23,16851.83984,16851.83984,419120000
2014-06-30,17068.25977,17068.25977,289050000
2014-07-07,16943.81055,16943.81055,332360000
2014-07-14,17100.17969,17100.17969,485570000
2014-07-21,16960.57031,16960.57031,352670000
2014-07-28,16493.36914,16493.36914,406450000
2014-08-04,16553.92969,16553.92969,394340000
2014-08-11,16662.91016,16662.91016,365900000
2014-08-18,17001.2207,17001.2207,334340000
2014-08-25,17098.44922,17098.44922,303160000
2014-09-01,17137.35938,17137.35938,272340000
2014-09-08,16987.50977,16987.50977,357920000
2014-09-15,17279.74023,17279.74023,667670000
2014-09-22,17113.15039,17113.15039,400110000
2014-09-29,17009.68945,17009.68945,440180000
2014-10-06,16544.09961,16544.09961,1071380000
2014-10-13,16380.41016,16380.41016,648200000
2014-10-20,16805.41016,16805.41016,481300000
2014-10-27,17390.51953,17390.51953,434690000
2014-11-03,17573.92969,17573.92969,390980000
2014-11-10,17634.74023,17634.74023,353680000
2014-11-17,17810.06055,17810.06055,450210000
2014-11-24,17828.24023,17828.24023,321620000
2014-12-01,17958.78906,17958.78906,423140000
2014-12-08,17280.83008,17280.83008,516230000
2014-12-15,17804.80078,17804.80078,816540000
2014-12-22,18053.71094,18053.71094,276790000
2014-12-29,17832.99023,17832.99023,260470000
2015-01-05,17737.36914,17737.36914,517340000
2015-01-12,17511.57031,17511.57031,536040000
2015-01-19,17672.59961,17672.59961,424220000
2015-01-26,17164.94922,17164.94922,619390000
2015-02-02,17824.28906,17824.28906,497010000
2015-02-09,18019.34961,18019.34961,463800000
2015-02-16,18140.43945,18140.43945,364370000
2015-02-23,18132.69922,18132.69922,426070000
2015-03-02,17856.7793,17856.7793,443710000
2015-03-09,17749.31055,17749.31055,533560000
2015-03-16,18127.65039,18127.65039,756960000
2015-03-23,17712.66016,17712.66016,512740000
2015-03-30,17763.24023,17763.24023,414240000
2015-04-06,18057.65039,18057.65039,452970000
2015-04-13,17826.30078,17826.30078,544910000
2015-04-20,18080.14063,18080.14063,508970000
2015-04-27,18024.06055,18024.06055,569000000
2015-05-04,18191.10938,18191.10938,457660000
2015-05-11,18272.56055,18272.56055,460300000
2015-05-18,18232.01953,18232.01953,409630000
2015-05-25,18010.67969,18010.67969,413160000
2015-06-01,17849.46094,17849.46094,418920000
2015-06-08,17898.83984,17898.83984,447080000
2015-06-15,18015.94922,18015.94922,614600000
2015-06-22,17946.67969,17946.67969,495840000
2015-06-29,17730.10938,17730.10938,412890000
2015-07-06,17760.41016,17760.41016,452120000
2015-07-13,18086.44922,18086.44922,435120000
2015-07-20,17568.5293,17568.5293,479670000
2015-07-27,17689.85938,17689.85938,497220000
2015-08-03,17373.38086,17373.38086,467360000
2015-08-10,17477.40039,17477.40039,486510000
2015-08-17,16459.75,16459.75,611700000
2015-08-24,16643.00977,16643.00977,1019330000
2015-08-31,16102.37988,16102.37988,683310000
2015-09-07,16433.08984,16433.08984,469980000
2015-09-14,16384.58008,16384.58008,756620000
2015-09-21,16314.66992,16314.66992,548780000
2015-09-28,16472.36914,16472.36914,655120000
2015-10-05,17084.49023,17084.49023,567820000
2015-10-12,17215.9707,17215.9707,560850000
2015-10-19,17646.69922,17646.69922,642710000
2015-10-26,17663.53906,17663.53906,585800000
2015-11-02,17910.33008,17910.33008,499380000
2015-11-09,17245.24023,17245.24023,573380000
2015-11-16,17823.81055,17823.81055,679360000
2015-11-23,17813.39063,17813.39063,426930000
2015-11-30,17847.63086,17847.63086,626940000
2015-12-07,17265.21094,17265.21094,577230000
2015-12-14,17128.55078,17128.55078,850100000
2015-12-21,17552.16992,17552.16992,339650000
2015-12-28,17425.0293,17425.0293,283080000
2016-01-04,16346.4502,16346.4502,692150000
2016-01-11,15988.08008,15988.08008,796840000
2016-01-18,16093.50977,16093.50977,627220000
2016-01-25,16466.30078,16466.30078,727870000
2016-02-01,16204.96973,16204.96973,653030000
2016-02-08,15973.83984,15973.83984,720530000
2016-02-15,16391.99023,16391.99023,505400000
2016-02-22,16639.9707,16639.9707,486630000
2016-02-29,17006.76953,17006.76953,533760000
2016-03-07,17213.31055,17213.31055,566350000
2016-03-14,17602.30078,17602.30078,747110000
2016-03-21,17515.73047,17515.73047,348200000
2016-03-28,17792.75,17792.75,443440000
2016-04-04,17576.96094,17576.96094,469980000
2016-04-11,17897.46094,17897.46094,482500000
2016-04-18,18003.75,18003.75,516260000
2016-04-25,17773.64063,17773.64063,523020000
2016-05-02,17740.63086,17740.63086,433730000
2016-05-09,17535.32031,17535.32031,423970000
2016-05-16,17500.93945,17500.93945,478340000
2016-05-23,17873.2207,17873.2207,395580000
2016-05-30,17807.06055,17807.06055,383750000
2016-06-06,17865.33984,17865.33984,382110000
2016-06-13,17675.16016,17675.16016,630190000
2016-06-20,17400.75,17400.75,611020000
2016-06-27,17949.36914,17949.36914,572500000
2016-07-04,18146.74023,18146.74023,371680000
2016-07-11,18516.55078,18516.55078,462710000
2016-07-18,18570.84961,18570.84961,429120000
2016-07-25,18432.24023,18432.24023,470850000
2016-08-01,18543.5293,18543.5293,408620000
2016-08-08,18576.4707,18576.4707,327730000
2016-08-15,18552.57031,18552.57031,364830000
2016-08-22,18395.40039,18395.40039,362920000
2016-08-29,18491.96094,18491.96094,380780000
2016-09-05,18085.44922,18085.44922,351010000
2016-09-12,18123.80078,18123.80078,687510000
2016-09-19,18261.44922,18261.44922,404830000
2016-09-26,18308.15039,18308.15039,508640000
2016-10-03,18240.49023,18240.49023,385760000
2016-10-10,18138.38086,18138.38086,403160000
2016-10-17,18145.71094,18145.71094,445240000
2016-10-24,18161.18945,18161.18945,449450000
2016-10-31,17888.2793,17888.2793,475590000
2016-11-07,18847.66016,18847.66016,618070000
2016-11-14,18867.92969,18867.92969,500050000
2016-11-21,19152.14063,19152.14063,289600000
2016-11-28,19170.41992,19170.41992,528260000
2016-12-05,19756.84961,19756.84961,1647000000
2016-12-12,19843.41016,19843.41016,2061330000
2016-12-19,19933.81055,19933.81055,1259580000
2016-12-26,19762.59961,19762.59961,790840000
2017-01-02,19963.80078,19963.80078,1166810000
2017-01-09,19885.73047,19885.73047,1493140000
2017-01-16,19827.25,19827.25,1358670000
2017-01-23,20093.7793,20093.7793,1773250000
2017-01-30,20071.46094,20071.46094,1809140000
2017-02-06,20269.36914,20269.36914,1479340000
2017-02-13,20624.05078,20624.05078,1750320000
2017-02-20,20821.75977,20821.75977,1242060000
2017-02-27,21005.71094,21005.71094,1562900000
2017-03-06,20902.98047,20902.98047,1429420000
2017-03-13,20914.61914,20914.61914,1642310000
2017-03-20,20596.7207,20596.7207,1521050000
2017-03-27,20663.2207,20663.2207,1382040000
2017-04-03,20656.09961,20656.09961,1279490000
2017-04-10,20453.25,20453.25,989080000
2017-04-17,20547.75977,20547.75977,1469250000
2017-04-24,20940.50977,20940.50977,1654810000
2017-05-01,21006.93945,21006.93945,1473570000
2017-05-08,20896.60938,20896.60938,1408670000
2017-05-15,20804.83984,20804.83984,1835720000
2017-05-22,21080.2793,21080.2793,1281220000
2017-05-29,21206.28906,21206.28906,1220820000
2017-06-05,21271.9707,21271.9707,1554270000
2017-06-12,21384.2793,21384.2793,2067140000
2017-06-19,21394.75977,21394.75977,1531180000
2017-06-26,21349.63086,21349.63086,1455570000
2017-07-03,21414.33984,21414.33984,1023190000
2017-07-10,21637.74023,21637.74023,1253640000
2017-07-17,21580.07031,21580.07031,1425710000
2017-07-24,21830.31055,21830.31055,1559570000
2017-07-31,22092.81055,22092.81055,1505210000
2017-08-07,21858.32031,21858.32031,1293910000
2017-08-14,21674.50977,21674.50977,1389120000
2017-08-21,21813.66992,21813.66992,1203720000
2017-08-28,21987.56055,21987.56055,1321950000
2017-09-04,21797.78906,21797.78906,1274810000
2017-09-11,22268.33984,22268.33984,1794560000
2017-09-18,22349.58984,22349.58984,1517400000
2017-09-25,22405.08984,22405.08984,1499120000
2017-10-02,22773.66992,22773.66992,1210940000
2017-10-09,22871.7207,22871.7207,1497390000
2017-10-16,23328.63086,23328.63086,1616920000
2017-10-23,23434.18945,23434.18945,2152710000
2017-10-30,23539.18945,23539.18945,1846500000
2017-11-06,23422.21094,23422.21094,1531660000
2017-11-13,23358.24023,23358.24023,2244910000
2017-11-20,23557.99023,23557.99023,1032350000
2017-11-27,24231.58984,24231.58984,1923080000
2017-12-04,24329.16016,24329.16016,1720810000
2017-12-11,24651.74023,24651.74023,1918600000
2017-12-18,24754.06055,24754.06055,1626670000
2017-12-25,24719.2207,24719.2207,905900000
2018-01-01,25295.86914,25295.86914,1559220000
2018-01-08,25803.18945,25803.18945,1739570000
2018-01-15,26071.7207,26071.7207,2207020000
2018-01-22,26616.71094,26616.71094,2262650000
2018-01-29,25520.96094,25520.96094,2281960000
2018-02-05,24190.90039,24190.90039,3435540000
2018-02-12,25219.38086,25219.38086,2125690000
2018-02-19,25309.99023,25309.99023,1591900000
2018-02-26,24538.06055,24538.06055,2307030000
2018-03-05,25335.74023,25335.74023,1808620000
2018-03-12,24946.50977,24946.50977,2137840000
2018-03-19,23533.19922,23533.19922,1985560000
2018-03-26,24103.10938,24103.10938,1997610000
2018-04-02,23932.75977,23932.75977,2036270000
2018-04-09,24360.14063,24360.14063,1703760000
2018-04-16,24462.93945,24462.93945,1868390000
2018-04-23,24311.18945,24311.18945,2039480000
2018-04-30,24262.50977,24262.50977,1900790000
2018-05-07,24831.16992,24831.16992,1592550000
2018-05-14,24715.08984,24715.08984,1449920000
2018-05-21,24753.08984,24753.08984,1600990000
2018-05-28,24635.21094,24635.21094,1466130000
2018-06-04,25316.5293,25316.5293,1638020000
2018-06-11,25090.48047,25090.48047,1872730000
2018-06-18,24580.89063,24580.89063,1896510000
2018-06-25,24271.41016,24271.41016,1688140000
2018-07-02,24456.48047,24456.48047,862190000
2018-07-09,25019.41016,25019.41016,1201660000
2018-07-16,25058.11914,25058.11914,1294430000
2018-07-23,25451.06055,25451.06055,1404640000
2018-07-30,25462.58008,25462.58008,1508180000
2018-08-06,25313.14063,25313.14063,1146120000
2018-08-13,25669.32031,25669.32031,1361600000
2018-08-20,25790.34961,25790.34961,1104270000
2018-08-27,25964.82031,25964.82031,1160820000
2018-09-03,25916.53906,25916.53906,1087540000
2018-09-10,26154.66992,26154.66992,1290340000
2018-09-17,26743.5,26743.5,1642660000
2018-09-24,26458.31055,26458.31055,1241960000
2018-10-01,26447.05078,26447.05078,1333440000
2018-10-08,25339.99023,25339.99023,1914170000
2018-10-15,25444.33984,25444.33984,1570160000
2018-10-22,24688.31055,24688.31055,2192750000
2018-10-29,25270.83008,25270.83008,2176280000
2018-11-05,25989.30078,25989.30078,1582070000
2018-11-12,25413.2207,25413.2207,1818050000
2018-11-19,24285.94922,24285.94922,1249320000
2018-11-26,25538.46094,25538.46094,1764050000
2018-12-03,24388.94922,24388.94922,1677300000
2018-12-10,24100.50977,24100.50977,1793890000
2018-12-17,22445.36914,22445.36914,2855570000
2018-12-24,23062.40039,23062.40039,1485950000
2018-12-31,23433.16016,23433.16016,1430660000
2019-01-07,23995.94922,23995.94922,1576990000
2019-01-14,24706.34961,24706.34961,1533520000
2019-01-21,24737.19922,24737.19922,1354140000
2019-01-28,25063.89063,25063.89063,1954810000
2019-02-04,25106.33008,25106.33008,1400450000
2019-02-11,25883.25,25883.25,1424680000
2019-02-18,26031.81055,26031.81055,1103970000
2019-02-25,26026.32031,26026.32031,1423240000
2019-03-04,25450.24023,25450.24023,1363660000
2019-03-11,25848.86914,25848.86914,1878630000
2019-03-18,25502.32031,25502.32031,1785520000
2019-03-25,25928.67969,25928.67969,1416360000
2019-04-01,26424.99023,26424.99023,1281080000
2019-04-08,26412.30078,26412.30078,1258510000
2019-04-15,26559.53906,26559.53906,1253590000
2019-04-22,26543.33008,26543.33008,1441650000
2019-04-29,26504.94922,26504.94922,1460130000
2019-05-06,25942.36914,25942.36914,1523740000
2019-05-13,25764,25764,1528250000
2019-05-20,25585.68945,25585.68945,1300500000
2019-05-27,24815.03906,24815.03906,1165380000
2019-06-03,25983.93945,25983.93945,1383670000
2019-06-10,26089.60938,26089.60938,1147880000
2019-06-17,26719.13086,26719.13086,1477670000
2019-06-24,26599.96094,26599.96094,1535170000
2019-07-01,26922.11914,26922.11914,828950000
2019-07-08,27332.0293,27332.0293,1141300000
2019-07-15,27154.19922,27154.19922,1123420000
2019-07-22,27192.44922,27192.44922,1184550000
2019-07-29,26485.00977,26485.00977,1643210000
2019-08-05,26287.43945,26287.43945,1607980000
2019-08-12,25886.00977,25886.00977,1469350000
2019-08-19,25628.90039,25628.90039,1286600000
2019-08-26,26403.2793,26403.2793,3092840000
2019-09-02,26797.46094,26797.46094,892290000
2019-09-09,27219.51953,27219.51953,1373320000
2019-09-16,26935.07031,26935.07031,1367060000
2019-09-23,26820.25,26820.25,1190170000
2019-09-30,26573.7207,26573.7207,1255350000
2019-10-07,26816.58984,26816.58984,1129610000
2019-10-14,26770.19922,26770.19922,1150300000
2019-10-21,26958.06055,26958.06055,1282420000
2019-10-28,27347.35938,27347.35938,1336830000
2019-11-04,27681.24023,27681.24023,1277750000
2019-11-11,28004.89063,28004.89063,1282100000
2019-11-18,27875.61914,27875.61914,1203150000
2019-11-25,28051.41016,28051.41016,891310000
2019-12-02,28015.06055,28015.06055,1162070000
2019-12-09,28135.38086,28135.38086,1172160000
2019-12-16,28455.08984,28455.08984,1729780000
2019-12-23,28645.25977,28645.25977,647930000
2019-12-30,28634.88086,28634.88086,866350000
2020-01-06,28823.76953,28823.76953,1316300000
2020-01-13,29348.09961,29348.09961,1371470000
2020-01-20,28989.73047,28989.73047,1291150000
2020-01-27,28256.0293,28256.0293,1700440000
2020-02-03,29102.50977,29102.50977,1514760000
2020-02-10,29398.08008,29398.08008,1361730000
2020-02-17,28992.41016,28992.41016,1096230000
2020-02-24,25409.35938,25409.35938,3019270000
2020-03-02,25864.7793,25864.7793,2819020000
2020-03-09,23185.61914,23185.61914,3820590000
2020-03-16,19173.98047,19173.98047,4087140000
2020-03-23,21636.7793,21636.7793,3677640000
2020-03-30,21052.5293,21052.5293,2602980000
2020-04-06,23719.36914,23719.36914,2244560000
2020-04-13,24242.49023,24242.49023,2314860000
2020-04-20,23775.26953,23775.26953,2026740000
2020-04-27,23723.68945,23723.68945,2141370000
2020-05-04,24331.32031,24331.32031,1808170000
2020-05-11,23685.41992,23685.41992,2146040000
2020-05-18,24465.16016,24465.16016,1827230000
2020-05-25,25383.10938,25383.10938,1741030000
2020-06-01,27110.98047,27110.98047,2004210000
2020-06-08,25605.53906,25605.53906,2422780000
2020-06-15,25871.46094,25871.46094,2277340000
2020-06-22,25015.55078,25015.55078,2217300000
2020-06-29,25827.35938,25827.35938,1511160000
2020-07-06,26075.30078,26075.30078,1750590000
2020-07-13,26642.58984,26642.58984,826960000